,status,request_id,data
0,OK,f66308f5-83c4-4353-a537-ddac21f0f344,"{'id': 'UA47NCCrVXoCg2JO7kalyQ', 'alias': 'sunrise-hastings-physiothrpy-vancouver', 'name': 'Sunrise Hastings Physiothrpy', 'address': '2738 Hastings Street E, Vancouver, BC V5K 1Z9, Canada', 'website': 'http://www.sunrisephysio.com', 'latitude': 49.2809174, 'longitude': -123.0488433, 'business_page_link': 'https://www.yelp.com/biz/sunrise-hastings-physiothrpy-vancouver', 'categories': [{'title': 'Physical Therapy', 'url': 'https://www.yelp.com/search?find_desc=Physical+Therapy&find_loc=Vancouver%2C+BC'}], 'rating': 5, 'review_count': 3, 'photo': 'https://s3-media0.fl.yelpcdn.com/assets/srv0/yelp_styleguide/ec91c6e75078/assets/img/default_avatars/business_medium_square.png', 'photos_page_link': 'https://www.yelp.com/biz_photos/UA47NCCrVXoCg2JO7kalyQ', 'phone': '+16042516437', 'country': 'CA', 'neighborhoods': ['Hastings-Sunrise'], 'yelp_guaranteed': False}"
1,OK,f66308f5-83c4-4353-a537-ddac21f0f344,"{'id': 'nvCpEEg_h9kdRI-duzCIoA', 'alias': 'reformotiv-physio-pilates-vancouver', 'name': 'Reformotiv Physio + Pilates', 'address': '128 Keefer Street, Vancouver, BC V6A 1X4, Canada', 'website': 'http://www.reformotiv.com', 'latitude': 49.2794068, 'longitude': -123.1010969, 'business_page_link': 'https://www.yelp.com/biz/reformotiv-physio-pilates-vancouver', 'categories': [{'title': 'Physical Therapy', 'url': 'https://www.yelp.com/search?find_desc=Physical+Therapy&find_loc=Vancouver%2C+BC'}, {'title': 'Osteopathic Physicians', 'url': 'https://www.yelp.com/search?find_desc=Osteopathic+Physicians&find_loc=Vancouver%2C+BC'}, {'title': 'Pilates', 'url': 'https://www.yelp.com/search?find_desc=Pilates&find_loc=Vancouver%2C+BC'}], 'rating': 5, 'review_count': 1, 'photo': 'https://s3-media0.fl.yelpcdn.com/bphoto/PY3kWnBJpyk9nIHTEGGkpw/348s.jpg', 'photos_page_link': 'https://www.yelp.com/biz_photos/nvCpEEg_h9kdRI-duzCIoA', 'phone': '+16046845826', 'country': 'CA', 'neighborhoods': ['Chinatown'], 'yelp_guaranteed': False}"
2,OK,f66308f5-83c4-4353-a537-ddac21f0f344,"{'id': '6HP8YxVFtZaqbztuKhb1oA', 'alias': 'burrard-physiotherapy-vancouver', 'name': 'Burrard Physiotherapy', 'address': '1190 Hornby Street, Vancouver, BC V6Z 2K5, Canada', 'website': 'http://www.burrardphysiotherapy.com', 'latitude': 49.2784217, 'longitude': -123.1276469, 'business_page_link': 'https://www.yelp.com/biz/burrard-physiotherapy-vancouver', 'categories': [{'title': 'Physical Therapy', 'url': 'https://www.yelp.com/search?find_desc=Physical+Therapy&find_loc=Vancouver%2C+BC'}], 'rating': 4, 'review_count': 14, 'photo': 'https://s3-media0.fl.yelpcdn.com/bphoto/Vb6CfzEn9QCpiLNnDV9BZA/348s.jpg', 'photos_page_link': 'https://www.yelp.com/biz_photos/6HP8YxVFtZaqbztuKhb1oA', 'phone': '+16046841640', 'country': 'CA', 'neighborhoods': ['Downtown'], 'yelp_guaranteed': False}"
3,OK,f66308f5-83c4-4353-a537-ddac21f0f344,"{'id': 'KmBU6tkwq2nxalJlY5vf7w', 'alias': 'focus-physio-wellness-vancouver', 'name': 'Focus Physio + Wellness', 'address': '109 W 2nd Avenue, Vancouver, BC V5Y 1B8, Canada', 'website': 'http://focusphysio.ca/', 'latitude': 49.2694559, 'longitude': -123.1069947, 'business_page_link': 'https://www.yelp.com/biz/focus-physio-wellness-vancouver', 'categories': [{'title': 'Physical Therapy', 'url': 'https://www.yelp.com/search?find_desc=Physical+Therapy&find_loc=Vancouver%2C+BC'}, {'title': 'Massage', 'url': 'https://www.yelp.com/search?find_desc=Massage&find_loc=Vancouver%2C+BC'}], 'rating': 4.6, 'review_count': 24, 'photo': 'https://s3-media0.fl.yelpcdn.com/bphoto/bP8w4NCvlplLzAKp2kppFQ/348s.jpg', 'photos_page_link': 'https://www.yelp.com/biz_photos/KmBU6tkwq2nxalJlY5vf7w', 'phone': '+17788196565', 'country': 'CA', 'neighborhoods': ['Mount Pleasant'], 'yelp_guaranteed': False}"
4,OK,f66308f5-83c4-4353-a537-ddac21f0f344,"{'id': 'kLJPATS-ZoBNDMt9m0wSOw', 'alias': 'west-end-physiotherapy-vancouver', 'name': 'West End Physiotherapy', 'address': '1166 Alberni Street, Vancouver, BC V6E 3Z3, Canada', 'website': 'https://westendphysio.com', 'latitude': 49.2861067, 'longitude': -123.1254498, 'business_page_link': 'https://www.yelp.com/biz/west-end-physiotherapy-vancouver', 'categories': [{'title': 'Physical Therapy', 'url': 'https://www.yelp.com/search?find_desc=Physical+Therapy&find_loc=Vancouver%2C+BC'}, {'title': 'Sports Medicine', 'url': 'https://www.yelp.com/search?find_desc=Sports+Medicine&find_loc=Vancouver%2C+BC'}, {'title': 'Massage Therapy', 'url': 'https://www.yelp.com/search?find_desc=Massage+Therapy&find_loc=Vancouver%2C+BC'}], 'rating': 5, 'review_count': 3, 'photo': 'https://s3-media0.fl.yelpcdn.com/bphoto/-2cZAoxGmHoQrr1sjqO23A/348s.jpg', 'photos_page_link': 'https://www.yelp.com/biz_photos/kLJPATS-ZoBNDMt9m0wSOw', 'phone': '+16046840047', 'country': 'CA', 'neighborhoods': ['West End'], 'yelp_guaranteed': False}"
5,OK,f66308f5-83c4-4353-a537-ddac21f0f344,"{'id': 'VQL4G0K3TqG9vxKEDYBgmA', 'alias': 'form-body-lab-vancouver', 'name': 'Form Body Lab', 'address': '310 1152 Mainland Stree, Vancouver, BC V6B 4X2, Canada', 'website': 'http://www.formbodylab.com', 'latitude': 49.2749066, 'longitude': -123.1211322, 'business_page_link': 'https://www.yelp.com/biz/form-body-lab-vancouver', 'categories': [{'title': 'Yoga', 'url': 'https://www.yelp.com/search?find_desc=Yoga&find_loc=Vancouver%2C+BC'}, {'title': 'Pilates', 'url': 'https://www.yelp.com/search?find_desc=Pilates&find_loc=Vancouver%2C+BC'}, {'title': 'Massage Therapy', 'url': 'https://www.yelp.com/search?find_desc=Massage+Therapy&find_loc=Vancouver%2C+BC'}], 'rating': 3.8, 'review_count': 10, 'photo': 'https://s3-media0.fl.yelpcdn.com/bphoto/Xncbm6CmZtEwo9AAb_Shgw/348s.jpg', 'photos_page_link': 'https://www.yelp.com/biz_photos/VQL4G0K3TqG9vxKEDYBgmA', 'phone': '+16046876870', 'country': 'CA', 'neighborhoods': ['Yaletown'], 'yelp_guaranteed': False}"
6,OK,f66308f5-83c4-4353-a537-ddac21f0f344,"{'id': 'kt7IGRxYDNIdQRrkf0uyKQ', 'alias': 'alaia-physiotherapy-sports-and-wellness-vancouver', 'name': 'Alaia Physiotherapy Sports & Wellness', 'address': '310 - 997 Seymour Street, Vancouver, BC V6B 3M1, Canada', 'website': 'http://www.alaia.ca', 'latitude': 49.27893299999999, 'longitude': -123.121998, 'business_page_link': 'https://www.yelp.com/biz/alaia-physiotherapy-sports-and-wellness-vancouver', 'categories': [{'title': 'Physical Therapy', 'url': 'https://www.yelp.com/search?find_desc=Physical+Therapy&find_loc=Vancouver%2C+BC'}], 'rating': 4.3, 'review_count': 6, 'photo': 'https://s3-media0.fl.yelpcdn.com/bphoto/1Kl2hMeihf2QZSNC530jfg/348s.jpg', 'photos_page_link': 'https://www.yelp.com/biz_photos/kt7IGRxYDNIdQRrkf0uyKQ', 'phone': '+16048124286', 'country': 'CA', 'neighborhoods': ['Granville Entertainment District'], 'yelp_guaranteed': False}"
7,OK,f66308f5-83c4-4353-a537-ddac21f0f344,"{'id': '7Ct2EOk4IOvinYfwmN_Kyw', 'alias': 'zen-wellness-center-vancouver', 'name': 'Zen Wellness Center', 'address': '736 W 16th Avenue, Vancouver, BC V5Z 1S7, Canada', 'website': 'http://www.zenwellness.ca', 'latitude': 49.2569508, 'longitude': -123.1210929, 'business_page_link': 'https://www.yelp.com/biz/zen-wellness-center-vancouver', 'categories': [{'title': 'Acupuncture', 'url': 'https://www.yelp.com/search?find_desc=Acupuncture&find_loc=Vancouver%2C+BC'}, {'title': 'Reflexology', 'url': 'https://www.yelp.com/search?find_desc=Reflexology&find_loc=Vancouver%2C+BC'}, {'title': 'Massage Therapy', 'url': 'https://www.yelp.com/search?find_desc=Massage+Therapy&find_loc=Vancouver%2C+BC'}], 'rating': 4.2, 'review_count': 50, 'photo': 'https://s3-media0.fl.yelpcdn.com/bphoto/SGTCDwHXGJbTI7ei3mStog/348s.jpg', 'photos_page_link': 'https://www.yelp.com/biz_photos/7Ct2EOk4IOvinYfwmN_Kyw', 'phone': '+16045279132', 'country': 'CA', 'business_highlights': ['Satisfaction guaranteed', 'Available by appointment', 'Walk-ins welcome', 'Free parking', 'Family-owned & operated', '10 years in business'], 'neighborhoods': ['Fairview Slopes'], 'yelp_guaranteed': False}"
8,OK,f66308f5-83c4-4353-a537-ddac21f0f344,"{'id': '-JpapSs9PnZuQuAhNCHTpw', 'alias': 'jericho-physio-vancouver-2', 'name': 'Jericho Physio', 'address': '2083 Alma Street, Vancouver, BC V6R 4N6, Canada', 'website': 'http://www.jerichophysio.com/', 'latitude': 49.2681814, 'longitude': -123.1860422, 'business_page_link': 'https://www.yelp.com/biz/jericho-physio-vancouver-2', 'categories': [{'title': 'Physical Therapy', 'url': 'https://www.yelp.com/search?find_desc=Physical+Therapy&find_loc=Vancouver%2C+BC'}], 'rating': 5, 'review_count': 3, 'photo': 'https://s3-media0.fl.yelpcdn.com/bphoto/9sXKN74eynJw_tV7Y-adMA/348s.jpg', 'photos_page_link': 'https://www.yelp.com/biz_photos/-JpapSs9PnZuQuAhNCHTpw', 'phone': '+16042281474', 'country': 'CA', 'neighborhoods': ['Point Grey'], 'yelp_guaranteed': False}"
9,OK,f66308f5-83c4-4353-a537-ddac21f0f344,"{'id': 'jd-Z5WBQXdidwKQGfIF-ww', 'alias': 'broadway-wellness-and-physiotherapy-pt-health-vancouver', 'name': 'Broadway Wellness and Physiotherapy - pt Health', 'address': '2460 Commercial Dr, Vancouver, BC V5N 4B9, Canada', 'website': 'https://www.pthealth.ca/clinic/broadway-wellness-and-physiotherapy/?ibp-adgroup=yelp&utm_campaign=premium-listing&utm_source=yelp&utm_medium=directory', 'latitude': 49.263058, 'longitude': -123.069624, 'business_page_link': 'https://www.yelp.com/biz/broadway-wellness-and-physiotherapy-pt-health-vancouver', 'categories': [{'title': 'Massage', 'url': 'https://www.yelp.com/search?find_desc=Massage&find_loc=Vancouver%2C+BC'}, {'title': 'Physical Therapy', 'url': 'https://www.yelp.com/search?find_desc=Physical+Therapy&find_loc=Vancouver%2C+BC'}, {'title': 'Acupuncture', 'url': 'https://www.yelp.com/search?find_desc=Acupuncture&find_loc=Vancouver%2C+BC'}], 'rating': 3.8, 'review_count': 12, 'price_range': '$$', 'photo': 'https://s3-media0.fl.yelpcdn.com/bphoto/0y1IuZaZZ0dNrgQsBQX4Vg/348s.jpg', 'photos_page_link': 'https://www.yelp.com/biz_photos/jd-Z5WBQXdidwKQGfIF-ww', 'phone': '+16044492229', 'country': 'CA', 'neighborhoods': ['The Drive'], 'yelp_guaranteed': False}"
10,OK,6a43e0f6-42e6-42b1-95bc-817ccf630107,"{'id': 'DUrX2TPoSASzKUYkWbhr-g', 'alias': 'treloar-physiotherapy-clinic-vancouver-3', 'name': 'Treloar Physiotherapy Clinic', 'address': '595 W 8th Avenue, Vancouver, BC V5Z 1C6, Canada', 'website': 'http://www.treloarphysio.com', 'latitude': 49.2641899, 'longitude': -123.117289, 'business_page_link': 'https://www.yelp.com/biz/treloar-physiotherapy-clinic-vancouver-3', 'categories': [{'title': 'Physical Therapy', 'url': 'https://www.yelp.com/search?find_desc=Physical+Therapy&find_loc=Vancouver%2C+BC'}], 'rating': 3.1, 'review_count': 13, 'photo': 'https://s3-media0.fl.yelpcdn.com/bphoto/x9nD0SVtetk7u7q-2wsc-Q/348s.jpg', 'photos_page_link': 'https://www.yelp.com/biz_photos/DUrX2TPoSASzKUYkWbhr-g', 'phone': '+16048756207', 'country': 'CA', 'neighborhoods': ['Fairview Slopes'], 'yelp_guaranteed': False}"
11,OK,6a43e0f6-42e6-42b1-95bc-817ccf630107,"{'id': '7VZd8NBQH4G7VXAV5BVWNQ', 'alias': 'gastown-physio-and-pilates-vancouver-2', 'name': 'Gastown Physio & Pilates', 'address': '306 - 560 Beatty Street, Vancouver, BC V6B 2L3, Canada', 'website': 'http://www.gastownphysiopilates.com', 'latitude': 49.280159, 'longitude': -123.1096115, 'business_page_link': 'https://www.yelp.com/biz/gastown-physio-and-pilates-vancouver-2', 'categories': [{'title': 'Physical Therapy', 'url': 'https://www.yelp.com/search?find_desc=Physical+Therapy&find_loc=Vancouver%2C+BC'}, {'title': 'Pilates', 'url': 'https://www.yelp.com/search?find_desc=Pilates&find_loc=Vancouver%2C+BC'}, {'title': 'Naturopathic/Holistic', 'url': 'https://www.yelp.com/search?find_desc=Naturopathic%2FHolistic&find_loc=Vancouver%2C+BC'}], 'rating': 4.6, 'review_count': 9, 'photo': 'https://s3-media0.fl.yelpcdn.com/bphoto/PxIpcn50TGx7aJEAWK-vHg/348s.jpg', 'photos_page_link': 'https://www.yelp.com/biz_photos/7VZd8NBQH4G7VXAV5BVWNQ', 'phone': '+16045693891', 'country': 'CA', 'neighborhoods': ['Downtown'], 'yelp_guaranteed': False}"
12,OK,6a43e0f6-42e6-42b1-95bc-817ccf630107,"{'id': 'Ds7g5ra1LDBP_18s3LJK-A', 'alias': 'evolution-sport-therapy-richmond', 'name': 'Evolution Sport Therapy', 'address': '3671 Westminster Highway, Richmond, BC V7C 5V2, Canada', 'website': 'http://www.evosporttherapy.com', 'latitude': 49.1703522, 'longitude': -123.1831149, 'business_page_link': 'https://www.yelp.com/biz/evolution-sport-therapy-richmond', 'categories': [{'title': 'Physical Therapy', 'url': 'https://www.yelp.com/search?find_desc=Physical+Therapy&find_loc=Vancouver%2C+BC'}, {'title': 'Trainers', 'url': 'https://www.yelp.com/search?find_desc=Trainers&find_loc=Vancouver%2C+BC'}, {'title': 'Chiropractors', 'url': 'https://www.yelp.com/search?find_desc=Chiropractors&find_loc=Vancouver%2C+BC'}], 'rating': 5, 'review_count': 6, 'photo': 'https://s3-media0.fl.yelpcdn.com/bphoto/Ah5zQfiK9ApqkINsiaReRw/348s.jpg', 'photos_page_link': 'https://www.yelp.com/biz_photos/Ds7g5ra1LDBP_18s3LJK-A', 'phone': '+17782976786', 'country': 'CA', 'yelp_guaranteed': False}"
13,OK,6a43e0f6-42e6-42b1-95bc-817ccf630107,"{'id': 'sBYycqbG7xfvjuTBrpAc4A', 'alias': 'lift-performance-and-rehabilitation-clinic-vancouver', 'name': 'Lift Performance and Rehabilitation Clinic', 'address': '4030 Knight Street, Vancouver, BC V5N 5Y7, Canada', 'website': 'https://liftclinic.ca', 'latitude': 49.2494606, 'longitude': -123.0758426, 'business_page_link': 'https://www.yelp.com/biz/lift-performance-and-rehabilitation-clinic-vancouver', 'categories': [{'title': 'Physical Therapy', 'url': 'https://www.yelp.com/search?find_desc=Physical+Therapy&find_loc=Vancouver%2C+BC'}, {'title': 'Chiropractors', 'url': 'https://www.yelp.com/search?find_desc=Chiropractors&find_loc=Vancouver%2C+BC'}, {'title': 'Massage Therapy', 'url': 'https://www.yelp.com/search?find_desc=Massage+Therapy&find_loc=Vancouver%2C+BC'}], 'rating': 5, 'review_count': 2, 'photo': 'https://s3-media0.fl.yelpcdn.com/bphoto/0-4oBQW-AJPWciHjhbuVxw/348s.jpg', 'photos_page_link': 'https://www.yelp.com/biz_photos/sBYycqbG7xfvjuTBrpAc4A', 'phone': '+16042293500', 'country': 'CA', 'neighborhoods': ['Kensington-Cedar Cottage'], 'yelp_guaranteed': False}"
14,OK,6a43e0f6-42e6-42b1-95bc-817ccf630107,"{'id': 'xEgPgR9jogwlgTh5bqq_rw', 'alias': 'honey-garlic-health-studio-vancouver', 'name': 'Honey + Garlic Health Studio', 'address': '3205 Fraser Street, Vancouver, BC V5V 4B8, Canada', 'website': 'http://www.honeyandgarlic.ca', 'latitude': 49.2563332, 'longitude': -123.0899937, 'business_page_link': 'https://www.yelp.com/biz/honey-garlic-health-studio-vancouver', 'categories': [{'title': 'Acupuncture', 'url': 'https://www.yelp.com/search?find_desc=Acupuncture&find_loc=Vancouver%2C+BC'}, {'title': 'Physical Therapy', 'url': 'https://www.yelp.com/search?find_desc=Physical+Therapy&find_loc=Vancouver%2C+BC'}, {'title': 'Massage Therapy', 'url': 'https://www.yelp.com/search?find_desc=Massage+Therapy&find_loc=Vancouver%2C+BC'}], 'rating': 4.5, 'review_count': 18, 'photo': 'https://s3-media0.fl.yelpcdn.com/bphoto/dV9ykWPNfLINBEx9vN7SwQ/348s.jpg', 'photos_page_link': 'https://www.yelp.com/biz_photos/xEgPgR9jogwlgTh5bqq_rw', 'phone': '+16048795023', 'country': 'CA', 'neighborhoods': ['Riley Park'], 'yelp_guaranteed': False}"
15,OK,6a43e0f6-42e6-42b1-95bc-817ccf630107,"{'id': 'GOpQ2BgQ_0ntqvobdCkjhA', 'alias': 'applied-health-and-wellness-vancouver', 'name': 'Applied Health and Wellness', 'address': '1628 W 1st Avenue, Vancouver, BC V6J 3B1, Canada', 'website': 'https://www.appliedhealthandwellness.com', 'latitude': 49.2702633, 'longitude': -123.1414438, 'business_page_link': 'https://www.yelp.com/biz/applied-health-and-wellness-vancouver', 'categories': [{'title': 'Physical Therapy', 'url': 'https://www.yelp.com/search?find_desc=Physical+Therapy&find_loc=Vancouver%2C+BC'}, {'title': 'Osteopathic Physicians', 'url': 'https://www.yelp.com/search?find_desc=Osteopathic+Physicians&find_loc=Vancouver%2C+BC'}], 'rating': 5, 'review_count': 2, 'photo': 'https://s3-media0.fl.yelpcdn.com/bphoto/er6-qaYDB7kgouQ0Ey7yWA/348s.jpg', 'photos_page_link': 'https://www.yelp.com/biz_photos/GOpQ2BgQ_0ntqvobdCkjhA', 'phone': '+16048412976', 'country': 'CA', 'neighborhoods': ['Fairview Slopes'], 'yelp_guaranteed': False}"
16,OK,6a43e0f6-42e6-42b1-95bc-817ccf630107,"{'id': 'dUUIpF6HuRGHpzejFBqgiQ', 'alias': 'north-burnaby-physiotherapy-burnaby', 'name': 'North Burnaby Physiotherapy', 'address': '3701 Hastings Street, Burnaby, BC V5C 2H6, Canada', 'website': 'http://www.northburnabyphysio.com', 'latitude': 49.2817509, 'longitude': -123.0222039, 'business_page_link': 'https://www.yelp.com/biz/north-burnaby-physiotherapy-burnaby', 'categories': [{'title': 'Physical Therapy', 'url': 'https://www.yelp.com/search?find_desc=Physical+Therapy&find_loc=Vancouver%2C+BC'}, {'title': 'Acupuncture', 'url': 'https://www.yelp.com/search?find_desc=Acupuncture&find_loc=Vancouver%2C+BC'}, {'title': 'Orthopedists', 'url': 'https://www.yelp.com/search?find_desc=Orthopedists&find_loc=Vancouver%2C+BC'}], 'rating': 5, 'review_count': 8, 'photo': 'https://s3-media0.fl.yelpcdn.com/bphoto/Q2DFLo-IGBLd5J1REGgOCQ/348s.jpg', 'photos_page_link': 'https://www.yelp.com/biz_photos/dUUIpF6HuRGHpzejFBqgiQ', 'phone': '+16042989048', 'country': 'CA', 'neighborhoods': ['Burnaby Heights'], 'yelp_guaranteed': False}"
17,OK,6a43e0f6-42e6-42b1-95bc-817ccf630107,"{'id': '942alpElKeiWa56b_T0YKg', 'alias': 'resilient-physiotherapy-and-performance-vancouver', 'name': 'Resilient Physiotherapy & Performance', 'address': '1558 Kingsway, Vancouver, BC V5N 2R9, Canada', 'website': 'http://resilientphysio.ca', 'latitude': 49.2481885, 'longitude': -123.0722091, 'business_page_link': 'https://www.yelp.com/biz/resilient-physiotherapy-and-performance-vancouver', 'categories': [{'title': 'Physical Therapy', 'url': 'https://www.yelp.com/search?find_desc=Physical+Therapy&find_loc=Vancouver%2C+BC'}], 'photo': 'https://s3-media0.fl.yelpcdn.com/bphoto/WHNlMlik_7EzkEfn_ESocw/348s.jpg', 'photos_page_link': 'https://www.yelp.com/biz_photos/942alpElKeiWa56b_T0YKg', 'phone': '+17784008188', 'country': 'CA', 'neighborhoods': ['Kensington-Cedar Cottage'], 'yelp_guaranteed': False}"
18,OK,6a43e0f6-42e6-42b1-95bc-817ccf630107,"{'id': '8EVef0frFLXSYDK_vIdLmQ', 'alias': 'insync-physiotherapy-vancouver', 'name': 'Insync Physiotherapy', 'address': '4088 Cambie Street, Vancouver, BC V5Z 2X8, Canada', 'website': 'http://www.insyncphysio.com', 'latitude': 49.249292, 'longitude': -123.1149808, 'business_page_link': 'https://www.yelp.com/biz/insync-physiotherapy-vancouver', 'categories': [{'title': 'Physical Therapy', 'url': 'https://www.yelp.com/search?find_desc=Physical+Therapy&find_loc=Vancouver%2C+BC'}, {'title': 'Acupuncture', 'url': 'https://www.yelp.com/search?find_desc=Acupuncture&find_loc=Vancouver%2C+BC'}, {'title': 'Massage Therapy', 'url': 'https://www.yelp.com/search?find_desc=Massage+Therapy&find_loc=Vancouver%2C+BC'}], 'rating': 4.1, 'review_count': 9, 'photo': 'https://s3-media0.fl.yelpcdn.com/bphoto/4oyDpv6_yv29WLVzHhqxPg/348s.jpg', 'photos_page_link': 'https://www.yelp.com/biz_photos/8EVef0frFLXSYDK_vIdLmQ', 'phone': '+16045669716', 'country': 'CA', 'neighborhoods': ['Riley Park'], 'yelp_guaranteed': False}"
19,OK,6a43e0f6-42e6-42b1-95bc-817ccf630107,"{'id': 'drW9cLuQCnFRi34-9Md7xQ', 'alias': 'painpro-coal-harbour-vancouver-downtown-vancouver-4', 'name': 'painPRO Coal Harbour - Vancouver Downtown', 'address': '1112 West Pender Street, Vancouver, BC V6E 2S1, Canada', 'website': 'https://painproclinics.com/locations/coal-harbour-vancouver-downtown/', 'latitude': 49.287561, 'longitude': -123.1211407, 'business_page_link': 'https://www.yelp.com/biz/painpro-coal-harbour-vancouver-downtown-vancouver-4', 'categories': [{'title': 'Physical Therapy', 'url': 'https://www.yelp.com/search?find_desc=Physical+Therapy&find_loc=Vancouver%2C+BC'}, {'title': 'Massage Therapy', 'url': 'https://www.yelp.com/search?find_desc=Massage+Therapy&find_loc=Vancouver%2C+BC'}, {'title': 'Chiropractors', 'url': 'https://www.yelp.com/search?find_desc=Chiropractors&find_loc=Vancouver%2C+BC'}], 'rating': 4.2, 'review_count': 34, 'photo': 'https://s3-media0.fl.yelpcdn.com/bphoto/UVEkHmUs00aEN5YKsZcJrw/348s.jpg', 'photos_page_link': 'https://www.yelp.com/biz_photos/drW9cLuQCnFRi34-9Md7xQ', 'phone': '+16046837246', 'country': 'CA', 'neighborhoods': ['Downtown'], 'yelp_guaranteed': False}"
20,OK,15c88ae3-3e34-4950-8255-f0ba5da4fb08,"{'id': 'Lu4PF-Oh_UnUGI4BB_uE_g', 'alias': 'van-sports-and-physiotherapy-vancouver-3', 'name': 'Van Sports & Physiotherapy', 'address': '521-625 Howe Street, Vancouver, BC V6C 2T6, Canada', 'website': 'http://www.vansportsphysio.com', 'latitude': 49.2842809, 'longitude': -123.1179663, 'business_page_link': 'https://www.yelp.com/biz/van-sports-and-physiotherapy-vancouver-3', 'categories': [{'title': 'Acupuncture', 'url': 'https://www.yelp.com/search?find_desc=Acupuncture&find_loc=Vancouver%2C+BC'}, {'title': 'Physical Therapy', 'url': 'https://www.yelp.com/search?find_desc=Physical+Therapy&find_loc=Vancouver%2C+BC'}, {'title': 'Massage Therapy', 'url': 'https://www.yelp.com/search?find_desc=Massage+Therapy&find_loc=Vancouver%2C+BC'}], 'rating': 5, 'review_count': 1, 'photo': 'https://s3-media0.fl.yelpcdn.com/bphoto/tnpJE9IFodvvkWfNFtg_FA/348s.jpg', 'photos_page_link': 'https://www.yelp.com/biz_photos/Lu4PF-Oh_UnUGI4BB_uE_g', 'phone': '+16046618878', 'country': 'CA', 'neighborhoods': ['Downtown'], 'yelp_guaranteed': False}"
21,OK,15c88ae3-3e34-4950-8255-f0ba5da4fb08,"{'id': 'R36B9yeoyUfIl0aCWZSs-w', 'alias': 'qi-integrated-health-vancouver-4', 'name': 'Qi Integrated Health', 'address': '1764 W 7th Avenue, Vancouver, BC V6J 4Y6, Canada', 'website': 'http://www.qiintegratedhealth.com', 'latitude': 49.2652333, 'longitude': -123.144812, 'business_page_link': 'https://www.yelp.com/biz/qi-integrated-health-vancouver-4', 'categories': [{'title': 'Acupuncture', 'url': 'https://www.yelp.com/search?find_desc=Acupuncture&find_loc=Vancouver%2C+BC'}, {'title': 'Chiropractors', 'url': 'https://www.yelp.com/search?find_desc=Chiropractors&find_loc=Vancouver%2C+BC'}, {'title': 'Massage Therapy', 'url': 'https://www.yelp.com/search?find_desc=Massage+Therapy&find_loc=Vancouver%2C+BC'}], 'rating': 4.6, 'review_count': 27, 'photo': 'https://s3-media0.fl.yelpcdn.com/bphoto/tZcfRHIUpI5PpNaOqcClEw/348s.jpg', 'photos_page_link': 'https://www.yelp.com/biz_photos/R36B9yeoyUfIl0aCWZSs-w', 'phone': '+16047428383', 'country': 'CA', 'neighborhoods': ['Fairview Slopes'], 'yelp_guaranteed': False}"
22,OK,15c88ae3-3e34-4950-8255-f0ba5da4fb08,"{'id': 'C_HGGhA9CUtkM5npoKrG8Q', 'alias': 'limelight-wellness-centre-vancouver', 'name': 'Limelight Wellness Centre', 'address': '488 Drake Street, Vancouver, BC V6B 5S9, Canada', 'website': 'http://www.limelightwellness.ca', 'latitude': 49.274342, 'longitude': -123.1253637, 'business_page_link': 'https://www.yelp.com/biz/limelight-wellness-centre-vancouver', 'categories': [{'title': 'Skin Care', 'url': 'https://www.yelp.com/search?find_desc=Skin+Care&find_loc=Vancouver%2C+BC'}, {'title': 'Laser Hair Removal', 'url': 'https://www.yelp.com/search?find_desc=Laser+Hair+Removal&find_loc=Vancouver%2C+BC'}, {'title': 'Massage Therapy', 'url': 'https://www.yelp.com/search?find_desc=Massage+Therapy&find_loc=Vancouver%2C+BC'}], 'rating': 3, 'review_count': 4, 'price_range': '$$', 'photo': 'https://s3-media0.fl.yelpcdn.com/bphoto/WL_JXd2_snRXkIb6bES9xQ/348s.jpg', 'photos_page_link': 'https://www.yelp.com/biz_photos/C_HGGhA9CUtkM5npoKrG8Q', 'phone': '+16042621002', 'country': 'CA', 'neighborhoods': ['Downtown'], 'yelp_guaranteed': False}"
23,OK,15c88ae3-3e34-4950-8255-f0ba5da4fb08,"{'id': 'Cu0VkXIoRF0HFM5mQKZVig', 'alias': 'teamworks-health-clinic-vancouver', 'name': 'Teamworks Health Clinic', 'address': '2480 Heather St, Vancouver, BC V5Z 3H9, Canada', 'website': 'http://www.teamworkshealth.ca/', 'latitude': 49.263337, 'longitude': -123.1198557, 'business_page_link': 'https://www.yelp.com/biz/teamworks-health-clinic-vancouver', 'categories': [{'title': 'Chiropractors', 'url': 'https://www.yelp.com/search?find_desc=Chiropractors&find_loc=Vancouver%2C+BC'}, {'title': 'Physical Therapy', 'url': 'https://www.yelp.com/search?find_desc=Physical+Therapy&find_loc=Vancouver%2C+BC'}, {'title': 'Massage', 'url': 'https://www.yelp.com/search?find_desc=Massage&find_loc=Vancouver%2C+BC'}], 'rating': 3.9, 'review_count': 16, 'price_range': '$$', 'photo': 'https://s3-media0.fl.yelpcdn.com/bphoto/C6piJyNoT3XmOiCyu8zGYg/348s.jpg', 'photos_page_link': 'https://www.yelp.com/biz_photos/Cu0VkXIoRF0HFM5mQKZVig', 'phone': '+16044283006', 'country': 'CA', 'neighborhoods': ['Fairview Slopes'], 'yelp_guaranteed': False}"
24,OK,15c88ae3-3e34-4950-8255-f0ba5da4fb08,"{'id': 'cJYuxUKbIcvCpWIVMknq7w', 'alias': 'marpole-physiotherapy-clinic-vancouver', 'name': 'Marpole Physiotherapy Clinic', 'address': '8337 Granville St, Vancouver, BC V6P 4Z8, Canada', 'website': 'http://www.marpolephysio.com', 'latitude': 49.2110569, 'longitude': -123.1408333, 'business_page_link': 'https://www.yelp.com/biz/marpole-physiotherapy-clinic-vancouver', 'categories': [{'title': 'Physical Therapy', 'url': 'https://www.yelp.com/search?find_desc=Physical+Therapy&find_loc=Vancouver%2C+BC'}, {'title': 'Acupuncture', 'url': 'https://www.yelp.com/search?find_desc=Acupuncture&find_loc=Vancouver%2C+BC'}], 'rating': 4, 'review_count': 7, 'photo': 'https://s3-media0.fl.yelpcdn.com/bphoto/9jFw7T54WTbJHcnaMwW1mg/348s.jpg', 'photos_page_link': 'https://www.yelp.com/biz_photos/cJYuxUKbIcvCpWIVMknq7w', 'phone': '+16042634414', 'country': 'CA', 'neighborhoods': ['Marpole'], 'yelp_guaranteed': False}"
25,OK,15c88ae3-3e34-4950-8255-f0ba5da4fb08,"{'id': 'mYH5TFMp4TZVTuFZ4YoPNA', 'alias': 'kerrisdale-physiotherapy-vancouver', 'name': 'Kerrisdale Physiotherapy', 'address': '2083 West 42nd Avenue, Vancouver, BC V6M 2B4, Canada', 'website': 'http://www.KerrisdalePhysiotherapy.com', 'latitude': 49.23381588782356, 'longitude': -123.15367484587274, 'business_page_link': 'https://www.yelp.com/biz/kerrisdale-physiotherapy-vancouver', 'categories': [{'title': 'Physical Therapy', 'url': 'https://www.yelp.com/search?find_desc=Physical+Therapy&find_loc=Vancouver%2C+BC'}, {'title': 'Massage', 'url': 'https://www.yelp.com/search?find_desc=Massage&find_loc=Vancouver%2C+BC'}, {'title': 'Acupuncture', 'url': 'https://www.yelp.com/search?find_desc=Acupuncture&find_loc=Vancouver%2C+BC'}], 'rating': 3.3, 'review_count': 4, 'photo': 'https://s3-media0.fl.yelpcdn.com/bphoto/TwKA3PE2Zad-sSQFaKAr5w/348s.jpg', 'photos_page_link': 'https://www.yelp.com/biz_photos/mYH5TFMp4TZVTuFZ4YoPNA', 'phone': '+16046774665', 'country': 'CA', 'neighborhoods': ['Kerrisdale'], 'yelp_guaranteed': False}"
26,OK,15c88ae3-3e34-4950-8255-f0ba5da4fb08,"{'id': 'DYHOMcI_LL60Ys6yBRyiuQ', 'alias': 'main-acupuncture-clinic-vancouver-2', 'name': 'Main Acupuncture Clinic', 'address': '232 E 11th Avenue, Vancouver, BC V5T 2C3, Canada', 'website': 'http://mainacupuncture.com', 'latitude': 49.2610016, 'longitude': -123.0999572, 'business_page_link': 'https://www.yelp.com/biz/main-acupuncture-clinic-vancouver-2', 'categories': [{'title': 'Acupuncture', 'url': 'https://www.yelp.com/search?find_desc=Acupuncture&find_loc=Vancouver%2C+BC'}, {'title': 'Massage Therapy', 'url': 'https://www.yelp.com/search?find_desc=Massage+Therapy&find_loc=Vancouver%2C+BC'}], 'rating': 5, 'review_count': 7, 'photo': 'https://s3-media0.fl.yelpcdn.com/bphoto/NokFpG9JxTlxVqudvjWcxQ/348s.jpg', 'photos_page_link': 'https://www.yelp.com/biz_photos/DYHOMcI_LL60Ys6yBRyiuQ', 'phone': '+16046399013', 'country': 'CA', 'neighborhoods': ['Mount Pleasant'], 'yelp_guaranteed': False}"
27,OK,15c88ae3-3e34-4950-8255-f0ba5da4fb08,"{'id': 'U1IU2KE05wkUBt4G7P_YMg', 'alias': 'acutherapy-fertility-vancouver-3', 'name': 'Acutherapy Fertility', 'address': '3195 Granville Street, Vancouver, BC V6H 3K2, Canada', 'website': 'https://www.acutherapyfertility.com', 'latitude': 49.2572381, 'longitude': -123.1392594, 'business_page_link': 'https://www.yelp.com/biz/acutherapy-fertility-vancouver-3', 'categories': [{'title': 'Acupuncture', 'url': 'https://www.yelp.com/search?find_desc=Acupuncture&find_loc=Vancouver%2C+BC'}, {'title': 'Fertility', 'url': 'https://www.yelp.com/search?find_desc=Fertility&find_loc=Vancouver%2C+BC'}], 'rating': 5, 'review_count': 6, 'photo': 'https://s3-media0.fl.yelpcdn.com/bphoto/DqyQp3ORn0I2fyFMRbvyHw/348s.jpg', 'photos_page_link': 'https://www.yelp.com/biz_photos/U1IU2KE05wkUBt4G7P_YMg', 'phone': '+16047333358', 'country': 'CA', 'neighborhoods': ['South Granville'], 'yelp_guaranteed': False}"
28,OK,15c88ae3-3e34-4950-8255-f0ba5da4fb08,"{'id': 'r6OsWB9D1-HrT-4Y_T8znA', 'alias': 'integrated-physiotherapy-new-westminster', 'name': 'Integrated Physiotherapy', 'address': '5-204 Sixth Street, New Westminster, BC V3L 3A1, Canada', 'website': 'http://www.integratedphysio.com', 'latitude': 49.2074007, 'longitude': -122.9131133, 'business_page_link': 'https://www.yelp.com/biz/integrated-physiotherapy-new-westminster', 'categories': [{'title': 'Physical Therapy', 'url': 'https://www.yelp.com/search?find_desc=Physical+Therapy&find_loc=Vancouver%2C+BC'}, {'title': 'Osteopathic Physicians', 'url': 'https://www.yelp.com/search?find_desc=Osteopathic+Physicians&find_loc=Vancouver%2C+BC'}, {'title': 'Acupuncture', 'url': 'https://www.yelp.com/search?find_desc=Acupuncture&find_loc=Vancouver%2C+BC'}], 'rating': 5, 'review_count': 3, 'photo': 'https://s3-media0.fl.yelpcdn.com/bphoto/a99T9TAlUGJO9ai25cXsKw/348s.jpg', 'photos_page_link': 'https://www.yelp.com/biz_photos/r6OsWB9D1-HrT-4Y_T8znA', 'phone': '+16047326323', 'country': 'CA', 'yelp_guaranteed': False}"
29,OK,15c88ae3-3e34-4950-8255-f0ba5da4fb08,"{'id': 'FO48DvsudeFrivT0LoIN_w', 'alias': 'westside-physiotherapy-and-hand-clinic-vancouver-2', 'name': 'Westside Physiotherapy & Hand Clinic', 'address': '1245 Broadway W, Vancouver, BC V6H 1G7, Canada', 'website': 'https://healthonephysio.ca/westside-physiotherapy-and-hand-clinic', 'latitude': 49.2637427, 'longitude': -123.1326009, 'business_page_link': 'https://www.yelp.com/biz/westside-physiotherapy-and-hand-clinic-vancouver-2', 'categories': [{'title': 'Physical Therapy', 'url': 'https://www.yelp.com/search?find_desc=Physical+Therapy&find_loc=Vancouver%2C+BC'}, {'title': 'Acupuncture', 'url': 'https://www.yelp.com/search?find_desc=Acupuncture&find_loc=Vancouver%2C+BC'}, {'title': 'Rehabilitation Center', 'url': 'https://www.yelp.com/search?find_desc=Rehabilitation+Center&find_loc=Vancouver%2C+BC'}], 'rating': 2.6, 'review_count': 5, 'photo': 'https://s3-media0.fl.yelpcdn.com/assets/srv0/yelp_styleguide/ec91c6e75078/assets/img/default_avatars/business_medium_square.png', 'photos_page_link': 'https://www.yelp.com/biz_photos/FO48DvsudeFrivT0LoIN_w', 'phone': '+16047316225', 'country': 'CA', 'neighborhoods': ['Fairview Slopes'], 'yelp_guaranteed': False}"
30,OK,54211635-9334-46e9-90fd-3420a4edef8e,"{'id': 'URwb30YKqi0W2NuReEmNoQ', 'alias': 'cross-roads-physiotherapy-and-massage-therapy-vancouver', 'name': 'Cross Roads Physiotherapy & Massage Therapy', 'address': '350-507 W Broadway, Vancouver, BC V5Z 1E6, Canada', 'website': 'http://www.crossroadsphysiotherapy.com', 'latitude': 49.2634135, 'longitude': -123.115385, 'business_page_link': 'https://www.yelp.com/biz/cross-roads-physiotherapy-and-massage-therapy-vancouver', 'categories': [{'title': 'Physical Therapy', 'url': 'https://www.yelp.com/search?find_desc=Physical+Therapy&find_loc=Vancouver%2C+BC'}, {'title': 'Massage', 'url': 'https://www.yelp.com/search?find_desc=Massage&find_loc=Vancouver%2C+BC'}], 'rating': 4.4, 'review_count': 5, 'photo': 'https://s3-media0.fl.yelpcdn.com/bphoto/2BI79Y6gHf51aAzwJpbWAQ/348s.jpg', 'photos_page_link': 'https://www.yelp.com/biz_photos/URwb30YKqi0W2NuReEmNoQ', 'phone': '+16045681337', 'country': 'CA', 'neighborhoods': ['Fairview Slopes'], 'yelp_guaranteed': False}"
31,OK,54211635-9334-46e9-90fd-3420a4edef8e,"{'id': 'ZCBgq2Xs57DbesQ7eO91fQ', 'alias': 'yaletown-wellness-centre-vancouver', 'name': 'Yaletown Wellness Centre', 'address': '878 Hamilton Street, Vancouver, BC V6B 6A2, Canada', 'website': 'http://www.yaletownwellness.com', 'latitude': 49.2780241, 'longitude': -123.1171365, 'business_page_link': 'https://www.yelp.com/biz/yaletown-wellness-centre-vancouver', 'categories': [{'title': 'Acupuncture', 'url': 'https://www.yelp.com/search?find_desc=Acupuncture&find_loc=Vancouver%2C+BC'}, {'title': 'Traditional Chinese Medicine', 'url': 'https://www.yelp.com/search?find_desc=Traditional+Chinese+Medicine&find_loc=Vancouver%2C+BC'}, {'title': 'Massage Therapy', 'url': 'https://www.yelp.com/search?find_desc=Massage+Therapy&find_loc=Vancouver%2C+BC'}], 'rating': 4.6, 'review_count': 35, 'photo': 'https://s3-media0.fl.yelpcdn.com/bphoto/h2_EmKWV1Q4hcGFXV9Np9Q/348s.jpg', 'photos_page_link': 'https://www.yelp.com/biz_photos/ZCBgq2Xs57DbesQ7eO91fQ', 'phone': '+16046330998', 'country': 'CA', 'neighborhoods': ['Downtown'], 'yelp_guaranteed': False}"
32,OK,54211635-9334-46e9-90fd-3420a4edef8e,"{'id': 'DsnIeqzyS6cLE2vH81-l3A', 'alias': 'hartwell-therapy-and-wellness-vancouver-2', 'name': 'Hartwell Therapy and Wellness', 'address': '6468 Main Street, Vancouver, BC V5W 2V4, Canada', 'website': 'http://www.hartwelltherapy.com', 'latitude': 49.2259791, 'longitude': -123.1013748, 'business_page_link': 'https://www.yelp.com/biz/hartwell-therapy-and-wellness-vancouver-2', 'categories': [{'title': 'Physical Therapy', 'url': 'https://www.yelp.com/search?find_desc=Physical+Therapy&find_loc=Vancouver%2C+BC'}, {'title': 'Massage Therapy', 'url': 'https://www.yelp.com/search?find_desc=Massage+Therapy&find_loc=Vancouver%2C+BC'}, {'title': 'Naturopathic/Holistic', 'url': 'https://www.yelp.com/search?find_desc=Naturopathic%2FHolistic&find_loc=Vancouver%2C+BC'}], 'rating': 3.4, 'review_count': 8, 'photo': 'https://s3-media0.fl.yelpcdn.com/bphoto/vtLxhkkLaA4Jb7wIB2QVlw/348s.jpg', 'photos_page_link': 'https://www.yelp.com/biz_photos/DsnIeqzyS6cLE2vH81-l3A', 'phone': '+16045642882', 'country': 'CA', 'neighborhoods': ['Punjabi Market'], 'yelp_guaranteed': False}"
33,OK,54211635-9334-46e9-90fd-3420a4edef8e,"{'id': 'FZ_nGNXd8YgwxPSdPYaDKQ', 'alias': 'myodetox-chinatown-vancouver', 'name': 'Myodetox Chinatown', 'address': '683 Gore Ave, Vancouver, BC V6A 2Z8, Canada', 'website': 'https://www.myodetox.com/locations/canada/vancouver-chinatown/', 'latitude': 49.2787995, 'longitude': -123.0973072, 'business_page_link': 'https://www.yelp.com/biz/myodetox-chinatown-vancouver', 'categories': [{'title': 'Massage Therapy', 'url': 'https://www.yelp.com/search?find_desc=Massage+Therapy&find_loc=Vancouver%2C+BC'}, {'title': 'Physical Therapy', 'url': 'https://www.yelp.com/search?find_desc=Physical+Therapy&find_loc=Vancouver%2C+BC'}, {'title': 'Chiropractors', 'url': 'https://www.yelp.com/search?find_desc=Chiropractors&find_loc=Vancouver%2C+BC'}], 'rating': 5, 'review_count': 4, 'photo': 'https://s3-media0.fl.yelpcdn.com/bphoto/hB7UCuVqLWMbJv2PYqO1qg/348s.jpg', 'photos_page_link': 'https://www.yelp.com/biz_photos/FZ_nGNXd8YgwxPSdPYaDKQ', 'phone': '+16043369565', 'country': 'CA', 'neighborhoods': ['Chinatown'], 'yelp_guaranteed': False}"
34,OK,54211635-9334-46e9-90fd-3420a4edef8e,"{'id': '9VAHy-g54yzF1YMAacWycw', 'alias': 'westcoast-sci-physiotherapy-vancouver-vancouver-7', 'name': 'Westcoast SCI Physiotherapy - Vancouver', 'address': '1762 W 8th Avenue, Vancouver, BC V6J 1V6, Canada', 'website': 'https://westcoastsci.com/vancouver-physiotherapy', 'latitude': 49.26448, 'longitude': -123.1449326, 'business_page_link': 'https://www.yelp.com/biz/westcoast-sci-physiotherapy-vancouver-vancouver-7', 'categories': [{'title': 'Physical Therapy', 'url': 'https://www.yelp.com/search?find_desc=Physical+Therapy&find_loc=Vancouver%2C+BC'}, {'title': 'Acupuncture', 'url': 'https://www.yelp.com/search?find_desc=Acupuncture&find_loc=Vancouver%2C+BC'}, {'title': 'Alternative Medicine', 'url': 'https://www.yelp.com/search?find_desc=Alternative+Medicine&find_loc=Vancouver%2C+BC'}], 'rating': 5, 'review_count': 4, 'photo': 'https://s3-media0.fl.yelpcdn.com/bphoto/-DV3k0_pP2fqxRajtlADBA/348s.jpg', 'photos_page_link': 'https://www.yelp.com/biz_photos/9VAHy-g54yzF1YMAacWycw', 'phone': '+16047324884', 'country': 'CA', 'neighborhoods': ['Fairview Slopes'], 'yelp_guaranteed': False}"
35,OK,54211635-9334-46e9-90fd-3420a4edef8e,"{'id': '_6sewoncmmkUoX6yVMV3Wg', 'alias': 'sitka-physio-and-wellness-vancouver', 'name': 'Sitka Physio & Wellness', 'address': '1055 West Georgia Street, Vancouver, BC V6E 3P2, Canada', 'website': 'https://www.sitkaphysio.com', 'latitude': 49.28526309737635, 'longitude': -123.12166012416155, 'business_page_link': 'https://www.yelp.com/biz/sitka-physio-and-wellness-vancouver', 'categories': [{'title': 'Physical Therapy', 'url': 'https://www.yelp.com/search?find_desc=Physical+Therapy&find_loc=Vancouver%2C+BC'}, {'title': 'Pilates', 'url': 'https://www.yelp.com/search?find_desc=Pilates&find_loc=Vancouver%2C+BC'}, {'title': 'Yoga', 'url': 'https://www.yelp.com/search?find_desc=Yoga&find_loc=Vancouver%2C+BC'}], 'rating': 4.8, 'review_count': 16, 'photo': 'https://s3-media0.fl.yelpcdn.com/bphoto/eLnlRKr_HHyiBYub-6Ud6Q/348s.jpg', 'photos_page_link': 'https://www.yelp.com/biz_photos/_6sewoncmmkUoX6yVMV3Wg', 'phone': '+16045582222', 'country': 'CA', 'neighborhoods': ['Downtown'], 'yelp_guaranteed': False}"
36,OK,54211635-9334-46e9-90fd-3420a4edef8e,"{'id': 'EfBo3c5IHgzXiybSxAB3_A', 'alias': 'alliance-wellness-clinic-vancouver', 'name': 'Alliance Wellness Clinic', 'address': '1177 W Broadway, Vancouver, BC V6H 1G3, Canada', 'website': 'http://www.alliancewellness.ca', 'latitude': 49.263478, 'longitude': -123.130542, 'business_page_link': 'https://www.yelp.com/biz/alliance-wellness-clinic-vancouver', 'categories': [{'title': 'Physical Therapy', 'url': 'https://www.yelp.com/search?find_desc=Physical+Therapy&find_loc=Vancouver%2C+BC'}, {'title': 'Chiropractors', 'url': 'https://www.yelp.com/search?find_desc=Chiropractors&find_loc=Vancouver%2C+BC'}, {'title': 'Acupuncture', 'url': 'https://www.yelp.com/search?find_desc=Acupuncture&find_loc=Vancouver%2C+BC'}], 'rating': 4.2, 'review_count': 29, 'photo': 'https://s3-media0.fl.yelpcdn.com/bphoto/A3_XF-6mB7s7-2-3tPo3qQ/348s.jpg', 'photos_page_link': 'https://www.yelp.com/biz_photos/EfBo3c5IHgzXiybSxAB3_A', 'phone': '+16047371177', 'country': 'CA', 'business_highlights': ['10 years in business', 'Certified professionals', 'Locally owned & operated', 'Offers customized solutions', 'Women-owned & operated', 'Minority-owned & operated'], 'neighborhoods': ['Fairview Slopes'], 'yelp_guaranteed': False}"
37,OK,54211635-9334-46e9-90fd-3420a4edef8e,"{'id': 'VvjJFZNdKIT9fEhJ5eD01w', 'alias': 'aquatic-centre-physiotherapy-west-vancouver', 'name': 'Aquatic Centre Physiotherapy', 'address': '2121 Marine Drive, West Vancouver, BC V7V 4Y2, Canada', 'website': 'http://acphysio.com/physiotherapists/', 'latitude': 49.3314067, 'longitude': -123.1703167, 'business_page_link': 'https://www.yelp.com/biz/aquatic-centre-physiotherapy-west-vancouver', 'categories': [{'title': 'Massage', 'url': 'https://www.yelp.com/search?find_desc=Massage&find_loc=Vancouver%2C+BC'}, {'title': 'Physical Therapy', 'url': 'https://www.yelp.com/search?find_desc=Physical+Therapy&find_loc=Vancouver%2C+BC'}, {'title': 'Hydrotherapy', 'url': 'https://www.yelp.com/search?find_desc=Hydrotherapy&find_loc=Vancouver%2C+BC'}], 'rating': 5, 'review_count': 1, 'photo': 'https://s3-media0.fl.yelpcdn.com/assets/srv0/yelp_styleguide/ec91c6e75078/assets/img/default_avatars/business_medium_square.png', 'photos_page_link': 'https://www.yelp.com/biz_photos/VvjJFZNdKIT9fEhJ5eD01w', 'phone': '+16049253408', 'country': 'CA', 'neighborhoods': ['Ambleside'], 'yelp_guaranteed': False}"
38,OK,54211635-9334-46e9-90fd-3420a4edef8e,"{'id': 'H6m2DulyV0uJ9qCINi-3cA', 'alias': 'metrotown-orthopedic-and-sports-physiotherapy-clinic-burnaby', 'name': 'Metrotown Orthopedic & Sports Physiotherapy Clinic', 'address': '4789 Kingsway, Burnaby, BC V5H 0A3, Canada', 'website': 'http://www.metrotownphysio.com', 'latitude': 49.22786234958093, 'longitude': -122.99699841373003, 'business_page_link': 'https://www.yelp.com/biz/metrotown-orthopedic-and-sports-physiotherapy-clinic-burnaby', 'categories': [{'title': 'Physical Therapy', 'url': 'https://www.yelp.com/search?find_desc=Physical+Therapy&find_loc=Vancouver%2C+BC'}, {'title': 'Acupuncture', 'url': 'https://www.yelp.com/search?find_desc=Acupuncture&find_loc=Vancouver%2C+BC'}, {'title': 'Massage Therapy', 'url': 'https://www.yelp.com/search?find_desc=Massage+Therapy&find_loc=Vancouver%2C+BC'}], 'rating': 4, 'review_count': 12, 'photo': 'https://s3-media0.fl.yelpcdn.com/bphoto/5FvFygh_AKdYjI2R--tf9Q/348s.jpg', 'photos_page_link': 'https://www.yelp.com/biz_photos/H6m2DulyV0uJ9qCINi-3cA', 'phone': '+16044303066', 'country': 'CA', 'neighborhoods': ['Metrotown'], 'yelp_guaranteed': False}"
39,OK,54211635-9334-46e9-90fd-3420a4edef8e,"{'id': 'Gw29dXhjm4etApl5PCKZXw', 'alias': 'trimetrics-north-vancouver', 'name': 'Trimetrics', 'address': '850 Harbourside Drive, North Vancouver, BC V7P 0A3, Canada', 'website': 'https://trimetricsphysio.com', 'latitude': 49.314865842144535, 'longitude': -123.0968692606947, 'business_page_link': 'https://www.yelp.com/biz/trimetrics-north-vancouver', 'categories': [{'title': 'Physical Therapy', 'url': 'https://www.yelp.com/search?find_desc=Physical+Therapy&find_loc=Vancouver%2C+BC'}, {'title': 'Pilates', 'url': 'https://www.yelp.com/search?find_desc=Pilates&find_loc=Vancouver%2C+BC'}, {'title': 'Massage Therapy', 'url': 'https://www.yelp.com/search?find_desc=Massage+Therapy&find_loc=Vancouver%2C+BC'}], 'rating': 5, 'review_count': 5, 'photo': 'https://s3-media0.fl.yelpcdn.com/bphoto/mcFg-AIe_Jkh3LRmRTVSvw/348s.jpg', 'photos_page_link': 'https://www.yelp.com/biz_photos/Gw29dXhjm4etApl5PCKZXw', 'phone': '+16049820366', 'country': 'CA', 'yelp_guaranteed': False}"
40,OK,8354fbf7-edc4-42c0-931f-33fede32d92c,"{'id': 'e3mxwcieqaUHCGx66UTwRg', 'alias': 'dunbar-physio-vancouver', 'name': 'Dunbar Physio', 'address': '205-3540 W 41st Avenue, Vancouver, BC V6N 3E6, Canada', 'website': 'https://dunbarphysio.com', 'latitude': 49.234458715778395, 'longitude': -123.18349945114684, 'business_page_link': 'https://www.yelp.com/biz/dunbar-physio-vancouver', 'categories': [{'title': 'Physical Therapy', 'url': 'https://www.yelp.com/search?find_desc=Physical+Therapy&find_loc=Vancouver%2C+BC'}, {'title': 'Acupuncture', 'url': 'https://www.yelp.com/search?find_desc=Acupuncture&find_loc=Vancouver%2C+BC'}, {'title': 'Massage Therapy', 'url': 'https://www.yelp.com/search?find_desc=Massage+Therapy&find_loc=Vancouver%2C+BC'}], 'rating': 3.7, 'review_count': 6, 'photo': 'https://s3-media0.fl.yelpcdn.com/bphoto/8w8nyoCcr-a4DI4ZPhPXrQ/348s.jpg', 'photos_page_link': 'https://www.yelp.com/biz_photos/e3mxwcieqaUHCGx66UTwRg', 'phone': '+16042663303', 'country': 'CA', 'neighborhoods': ['Dunbar-Southlands'], 'yelp_guaranteed': False}"
41,OK,8354fbf7-edc4-42c0-931f-33fede32d92c,"{'id': '98TVNCbrFJnKH8AJa7xBTg', 'alias': 'cadence-physiotherapy-and-rehab-vancouver', 'name': 'Cadence Physiotherapy & Rehab', 'address': '706-550 W Broadway, Vancouver, BC V5Z 0E9, Canada', 'website': 'https://cadencephysiorehab.ca', 'latitude': 49.26311825859047, 'longitude': -123.1167791, 'business_page_link': 'https://www.yelp.com/biz/cadence-physiotherapy-and-rehab-vancouver', 'categories': [{'title': 'Physical Therapy', 'url': 'https://www.yelp.com/search?find_desc=Physical+Therapy&find_loc=Vancouver%2C+BC'}, {'title': 'Pilates', 'url': 'https://www.yelp.com/search?find_desc=Pilates&find_loc=Vancouver%2C+BC'}, {'title': 'Yoga', 'url': 'https://www.yelp.com/search?find_desc=Yoga&find_loc=Vancouver%2C+BC'}], 'photo': 'https://s3-media0.fl.yelpcdn.com/bphoto/ivL28axZZCSGqfe_3hyvDg/348s.jpg', 'photos_page_link': 'https://www.yelp.com/biz_photos/98TVNCbrFJnKH8AJa7xBTg', 'phone': '+16047384900', 'country': 'CA', 'neighborhoods': ['Fairview Slopes'], 'yelp_guaranteed': False, 'average_response_time_seconds': 503}"
42,OK,8354fbf7-edc4-42c0-931f-33fede32d92c,"{'id': 'vox7LzVrrMKjlA6xu8aA8g', 'alias': 'central-park-physiotherapy-burnaby', 'name': 'Central Park Physiotherapy', 'address': '3965 Kingsway, Burnaby, BC V5H 1Y8, Canada', 'latitude': 49.2330996, 'longitude': -123.0166467, 'business_page_link': 'https://www.yelp.com/biz/central-park-physiotherapy-burnaby', 'categories': [{'title': 'Physical Therapy', 'url': 'https://www.yelp.com/search?find_desc=Physical+Therapy&find_loc=Vancouver%2C+BC'}], 'rating': 4.3, 'review_count': 16, 'photo': 'https://s3-media0.fl.yelpcdn.com/assets/srv0/yelp_styleguide/ec91c6e75078/assets/img/default_avatars/business_medium_square.png', 'photos_page_link': 'https://www.yelp.com/biz_photos/vox7LzVrrMKjlA6xu8aA8g', 'phone': '+16044355200', 'country': 'CA', 'yelp_guaranteed': False}"
43,OK,8354fbf7-edc4-42c0-931f-33fede32d92c,"{'id': 'ocyyylBGz49aXtipzGWxIg', 'alias': 'treloar-physiotherapy-clinic-vancouver-4', 'name': 'Treloar Physiotherapy Clinic', 'address': '5511 W Boulevard, Vancouver, BC V6M 4H3, Canada', 'website': 'http://www.treloarphysio.com/locations/kerrisdale/', 'latitude': 49.2361729, 'longitude': -123.1558082, 'business_page_link': 'https://www.yelp.com/biz/treloar-physiotherapy-clinic-vancouver-4', 'categories': [{'title': 'Physical Therapy', 'url': 'https://www.yelp.com/search?find_desc=Physical+Therapy&find_loc=Vancouver%2C+BC'}], 'rating': 2.7, 'review_count': 3, 'photo': 'https://s3-media0.fl.yelpcdn.com/assets/srv0/yelp_styleguide/ec91c6e75078/assets/img/default_avatars/business_medium_square.png', 'photos_page_link': 'https://www.yelp.com/biz_photos/ocyyylBGz49aXtipzGWxIg', 'phone': '+16042668383', 'country': 'CA', 'neighborhoods': ['Kerrisdale'], 'yelp_guaranteed': False}"
44,OK,8354fbf7-edc4-42c0-931f-33fede32d92c,"{'id': 'RceYx5GKBYemao-k7hKVeQ', 'alias': 'handy-health-centre-vancouver', 'name': 'Handy Health Centre', 'address': '180-422 Richards Street, Vancouver, BC V6B 2Z4, Canada', 'website': 'http://www.handyhealthcentre.com', 'latitude': 49.2837133, 'longitude': -123.1121414, 'business_page_link': 'https://www.yelp.com/biz/handy-health-centre-vancouver', 'categories': [{'title': 'Reflexology', 'url': 'https://www.yelp.com/search?find_desc=Reflexology&find_loc=Vancouver%2C+BC'}, {'title': 'Physical Therapy', 'url': 'https://www.yelp.com/search?find_desc=Physical+Therapy&find_loc=Vancouver%2C+BC'}, {'title': 'Pain Management', 'url': 'https://www.yelp.com/search?find_desc=Pain+Management&find_loc=Vancouver%2C+BC'}], 'rating': 4.5, 'review_count': 4, 'photo': 'https://s3-media0.fl.yelpcdn.com/bphoto/Kcl3TUqQUWErw28ETvFqOw/348s.jpg', 'photos_page_link': 'https://www.yelp.com/biz_photos/RceYx5GKBYemao-k7hKVeQ', 'phone': '+16046088786', 'country': 'CA', 'neighborhoods': ['Downtown'], 'yelp_guaranteed': False}"
45,OK,8354fbf7-edc4-42c0-931f-33fede32d92c,"{'id': 'QYShIkI76G0wxIFWvVloAw', 'alias': 'trina-lee-physiotherapy-vancouver', 'name': 'Trina Lee Physiotherapy', 'address': '970 Burrard Street, Vancouver, BC V6Z 2R4, Canada', 'website': 'http://www.trinaphysio.com', 'latitude': 49.2813428, 'longitude': -123.1255506, 'business_page_link': 'https://www.yelp.com/biz/trina-lee-physiotherapy-vancouver', 'categories': [{'title': 'Physical Therapy', 'url': 'https://www.yelp.com/search?find_desc=Physical+Therapy&find_loc=Vancouver%2C+BC'}], 'photo': 'https://s3-media0.fl.yelpcdn.com/bphoto/m-HHzFEks_Eww1H5kuIoqg/348s.jpg', 'photos_page_link': 'https://www.yelp.com/biz_photos/QYShIkI76G0wxIFWvVloAw', 'phone': '+17783789179', 'country': 'CA', 'neighborhoods': ['Downtown'], 'yelp_guaranteed': False}"
46,OK,8354fbf7-edc4-42c0-931f-33fede32d92c,"{'id': 'dO1XXPhWMm0DfG3bylNarA', 'alias': 'body-works-sports-physiotherapy-north-vancouver', 'name': 'Body Works Sports Physiotherapy', 'address': '233 W 1st Street, North Vancouver, BC V7M 1B3, Canada', 'website': 'http://body-works.ca/', 'latitude': 49.313433, 'longitude': -123.0827, 'business_page_link': 'https://www.yelp.com/biz/body-works-sports-physiotherapy-north-vancouver', 'categories': [{'title': 'Physical Therapy', 'url': 'https://www.yelp.com/search?find_desc=Physical+Therapy&find_loc=Vancouver%2C+BC'}, {'title': 'Acupuncture', 'url': 'https://www.yelp.com/search?find_desc=Acupuncture&find_loc=Vancouver%2C+BC'}], 'rating': 5, 'review_count': 3, 'photo': 'https://s3-media0.fl.yelpcdn.com/bphoto/kERBCzozrVLIE6Obq8GK9g/348s.jpg', 'photos_page_link': 'https://www.yelp.com/biz_photos/dO1XXPhWMm0DfG3bylNarA', 'phone': '+16049836616', 'country': 'CA', 'neighborhoods': ['Lower Lonsdale'], 'yelp_guaranteed': False}"
47,OK,8354fbf7-edc4-42c0-931f-33fede32d92c,"{'id': 'Kb2--ZVDU751l0F7qYMfng', 'alias': 'seva-physiotherapy-vancouver-2', 'name': 'Seva Physiotherapy', 'address': '3649 W Broadway, Vancouver, BC V6R 2B8, Canada', 'website': 'http://sevaphysio.ca', 'latitude': 49.2644879, 'longitude': -123.1848586, 'business_page_link': 'https://www.yelp.com/biz/seva-physiotherapy-vancouver-2', 'categories': [{'title': 'Physical Therapy', 'url': 'https://www.yelp.com/search?find_desc=Physical+Therapy&find_loc=Vancouver%2C+BC'}, {'title': 'Sports Medicine', 'url': 'https://www.yelp.com/search?find_desc=Sports+Medicine&find_loc=Vancouver%2C+BC'}, {'title': 'Acupuncture', 'url': 'https://www.yelp.com/search?find_desc=Acupuncture&find_loc=Vancouver%2C+BC'}], 'rating': 4.7, 'review_count': 6, 'photo': 'https://s3-media0.fl.yelpcdn.com/bphoto/j9vvf7GcDu-RnZRHcLt9VA/348s.jpg', 'photos_page_link': 'https://www.yelp.com/biz_photos/Kb2--ZVDU751l0F7qYMfng', 'phone': '+16048747382', 'country': 'CA', 'neighborhoods': ['Kitsilano'], 'yelp_guaranteed': False}"
48,OK,8354fbf7-edc4-42c0-931f-33fede32d92c,"{'id': 'HpZvgtTEUo69QBjNhlPXrw', 'alias': 'kitsilano-physiotherapy-clinic-vancouver', 'name': 'Kitsilano Physiotherapy Clinic', 'address': '2902 West Broadway, Vancouver, BC V6K 2G8, Canada', 'website': 'http://www.kitsilanophysio.com', 'latitude': 49.2639484, 'longitude': -123.1703062, 'business_page_link': 'https://www.yelp.com/biz/kitsilano-physiotherapy-clinic-vancouver', 'categories': [{'title': 'Physical Therapy', 'url': 'https://www.yelp.com/search?find_desc=Physical+Therapy&find_loc=Vancouver%2C+BC'}, {'title': 'Acupuncture', 'url': 'https://www.yelp.com/search?find_desc=Acupuncture&find_loc=Vancouver%2C+BC'}, {'title': 'Home Health Care', 'url': 'https://www.yelp.com/search?find_desc=Home+Health+Care&find_loc=Vancouver%2C+BC'}], 'rating': 4.1, 'review_count': 13, 'photo': 'https://s3-media0.fl.yelpcdn.com/bphoto/6upKIjSRZoVePhpXB5E3KQ/348s.jpg', 'photos_page_link': 'https://www.yelp.com/biz_photos/HpZvgtTEUo69QBjNhlPXrw', 'phone': '+16047317319', 'country': 'CA', 'service_area': 'Vancouver', 'neighborhoods': ['Kitsilano'], 'yelp_guaranteed': False}"
49,OK,8354fbf7-edc4-42c0-931f-33fede32d92c,"{'id': '1Mfof07diOcF9ypjRLjkPg', 'alias': 'west-coast-sports-physiotherapy-clinic-richmond', 'name': 'West Coast Sports Physiotherapy Clinic', 'address': '105-7031 Westminster Highway, Richmond, BC V6X 1A3, Canada', 'website': 'http://www.westcoastsportsphysio.com', 'latitude': 49.1705915, 'longitude': -123.1472499, 'business_page_link': 'https://www.yelp.com/biz/west-coast-sports-physiotherapy-clinic-richmond', 'categories': [{'title': 'Physical Therapy', 'url': 'https://www.yelp.com/search?find_desc=Physical+Therapy&find_loc=Vancouver%2C+BC'}], 'rating': 5, 'review_count': 1, 'photo': 'https://s3-media0.fl.yelpcdn.com/bphoto/WutJXhenYmQNwEV4G_wbDw/348s.jpg', 'photos_page_link': 'https://www.yelp.com/biz_photos/1Mfof07diOcF9ypjRLjkPg', 'phone': '+16042731565', 'country': 'CA', 'yelp_guaranteed': False}"
50,OK,36850f19-ca4c-4d99-bf5e-0191210d7ce1,"{'id': 'vjpNXf36DKEHPifFkaw0lA', 'alias': 'go-physiotherapy-sports-wellness-vancouver', 'name': 'Go! Physiotherapy Sports + Wellness', 'address': '2-3657 W 16th Ave, Vancouver, BC V6R 3C3, Canada', 'website': 'http://www.gophysiotherapy.ca', 'latitude': 49.258254499408, 'longitude': -123.185384273529, 'business_page_link': 'https://www.yelp.com/biz/go-physiotherapy-sports-wellness-vancouver', 'categories': [{'title': 'Physical Therapy', 'url': 'https://www.yelp.com/search?find_desc=Physical+Therapy&find_loc=Vancouver%2C+BC'}, {'title': 'Sports Medicine', 'url': 'https://www.yelp.com/search?find_desc=Sports+Medicine&find_loc=Vancouver%2C+BC'}], 'rating': 4, 'review_count': 8, 'photo': 'https://s3-media0.fl.yelpcdn.com/bphoto/VRS6xyJ_FS43EBl50IhUgA/348s.jpg', 'photos_page_link': 'https://www.yelp.com/biz_photos/vjpNXf36DKEHPifFkaw0lA', 'phone': '+16045684628', 'country': 'CA', 'neighborhoods': ['Point Grey'], 'yelp_guaranteed': False}"
51,OK,36850f19-ca4c-4d99-bf5e-0191210d7ce1,"{'id': 'PkNip-SPgr82baoUniEgtw', 'alias': 'burnaby-physiotherapy-and-hand-therapy-pt-health-burnaby', 'name': 'Burnaby Physiotherapy & Hand Therapy - pt Health', 'address': '5050 Kingsway, Burnaby, BC V5H 4C2, Canada', 'website': 'https://www.pthealth.ca/clinic/burnaby-physiotherapy-and-hand-therapy/?ibp-adgroup=yelp&utm_campaign=premium-listing&utm_source=yelp&utm_medium=directory', 'latitude': 49.2255038, 'longitude': -122.9919032, 'business_page_link': 'https://www.yelp.com/biz/burnaby-physiotherapy-and-hand-therapy-pt-health-burnaby', 'categories': [{'title': 'Physical Therapy', 'url': 'https://www.yelp.com/search?find_desc=Physical+Therapy&find_loc=Vancouver%2C+BC'}, {'title': 'Acupuncture', 'url': 'https://www.yelp.com/search?find_desc=Acupuncture&find_loc=Vancouver%2C+BC'}, {'title': 'Massage', 'url': 'https://www.yelp.com/search?find_desc=Massage&find_loc=Vancouver%2C+BC'}], 'rating': 4, 'review_count': 4, 'price_range': '$$', 'photo': 'https://s3-media0.fl.yelpcdn.com/bphoto/sMdLUHLpAgS8p9sFz1fN0Q/348s.jpg', 'photos_page_link': 'https://www.yelp.com/biz_photos/PkNip-SPgr82baoUniEgtw', 'phone': '+16048006404', 'country': 'CA', 'neighborhoods': ['Metrotown'], 'yelp_guaranteed': False}"
52,OK,36850f19-ca4c-4d99-bf5e-0191210d7ce1,"{'id': 'DbazJzmGEjS4qQSKVXGnyg', 'alias': 'myodetox-oak-vancouver-4', 'name': 'Myodetox - Oak', 'address': '3087 Oak Street, Vancouver, BC V6H 2K8, Canada', 'website': 'https://www.myodetox.com/locations/canada/vancouver-oak/', 'latitude': 49.258190984552336, 'longitude': -123.1270859, 'business_page_link': 'https://www.yelp.com/biz/myodetox-oak-vancouver-4', 'categories': [{'title': 'Physical Therapy', 'url': 'https://www.yelp.com/search?find_desc=Physical+Therapy&find_loc=Vancouver%2C+BC'}, {'title': 'Massage Therapy', 'url': 'https://www.yelp.com/search?find_desc=Massage+Therapy&find_loc=Vancouver%2C+BC'}, {'title': 'Chiropractors', 'url': 'https://www.yelp.com/search?find_desc=Chiropractors&find_loc=Vancouver%2C+BC'}], 'rating': 4.7, 'review_count': 19, 'photo': 'https://s3-media0.fl.yelpcdn.com/bphoto/d7N7geXFX9kMnJlpFrp3tA/348s.jpg', 'photos_page_link': 'https://www.yelp.com/biz_photos/DbazJzmGEjS4qQSKVXGnyg', 'phone': '+17783797950', 'country': 'CA', 'neighborhoods': ['Fairview Slopes'], 'yelp_guaranteed': False}"
53,OK,36850f19-ca4c-4d99-bf5e-0191210d7ce1,"{'id': 'jzyNO8CgWiF0iybE8dMuxA', 'alias': 'mvmtlab-performance-clinic-vancouver', 'name': 'MVMTLAB Performance Clinic', 'address': '500-55 Water Street, Vancouver, BC V6B 1A1, Canada', 'website': 'http://www.mvmtlab.com', 'latitude': 49.2839592, 'longitude': -123.1054599, 'business_page_link': 'https://www.yelp.com/biz/mvmtlab-performance-clinic-vancouver', 'categories': [{'title': 'Chiropractors', 'url': 'https://www.yelp.com/search?find_desc=Chiropractors&find_loc=Vancouver%2C+BC'}, {'title': 'Physical Therapy', 'url': 'https://www.yelp.com/search?find_desc=Physical+Therapy&find_loc=Vancouver%2C+BC'}, {'title': 'Massage Therapy', 'url': 'https://www.yelp.com/search?find_desc=Massage+Therapy&find_loc=Vancouver%2C+BC'}], 'rating': 5, 'review_count': 5, 'photo': 'https://s3-media0.fl.yelpcdn.com/bphoto/y83WHXK9WvYNnfew6RDntQ/348s.jpg', 'photos_page_link': 'https://www.yelp.com/biz_photos/jzyNO8CgWiF0iybE8dMuxA', 'phone': '+16042827393', 'country': 'CA', 'neighborhoods': ['Gastown'], 'yelp_guaranteed': False}"
54,OK,36850f19-ca4c-4d99-bf5e-0191210d7ce1,"{'id': 'po6VzGtGKlRyJfHoSfnRGA', 'alias': 'kids-shine-development-center-vancouver', 'name': 'Kids Shine Development Center', 'address': '3474 E Hastings Street, Vancouver, BC V5K 0A3, Canada', 'website': 'http://www.kidsshine.ca', 'latitude': 49.2810024, 'longitude': -123.0289532, 'business_page_link': 'https://www.yelp.com/biz/kids-shine-development-center-vancouver', 'categories': [{'title': 'Occupational Therapy', 'url': 'https://www.yelp.com/search?find_desc=Occupational+Therapy&find_loc=Vancouver%2C+BC'}, {'title': 'Speech Therapists', 'url': 'https://www.yelp.com/search?find_desc=Speech+Therapists&find_loc=Vancouver%2C+BC'}, {'title': 'Physical Therapy', 'url': 'https://www.yelp.com/search?find_desc=Physical+Therapy&find_loc=Vancouver%2C+BC'}], 'rating': 5, 'review_count': 2, 'photo': 'https://s3-media0.fl.yelpcdn.com/bphoto/LQ6xEU2t1QiNup2EW84Fmw/348s.jpg', 'photos_page_link': 'https://www.yelp.com/biz_photos/po6VzGtGKlRyJfHoSfnRGA', 'phone': '+17789535437', 'country': 'CA', 'neighborhoods': ['Hastings-Sunrise'], 'yelp_guaranteed': False}"
55,OK,36850f19-ca4c-4d99-bf5e-0191210d7ce1,"{'id': 'TlMAvME72gqd101DT-kUPw', 'alias': 'empower-health-clinic-vancouver-2', 'name': 'Empower Health Clinic', 'address': '2730 Commercial Drive, Vancouver, BC V5N 5P4, Canada', 'website': 'http://empowerhealth.ca', 'latitude': 49.26023544046879, 'longitude': -123.0696421, 'business_page_link': 'https://www.yelp.com/biz/empower-health-clinic-vancouver-2', 'categories': [{'title': 'Counseling & Mental Health', 'url': 'https://www.yelp.com/search?find_desc=Counseling+%26+Mental+Health&find_loc=Vancouver%2C+BC'}, {'title': 'Naturopathic/Holistic', 'url': 'https://www.yelp.com/search?find_desc=Naturopathic%2FHolistic&find_loc=Vancouver%2C+BC'}, {'title': 'Massage Therapy', 'url': 'https://www.yelp.com/search?find_desc=Massage+Therapy&find_loc=Vancouver%2C+BC'}], 'rating': 4.7, 'review_count': 11, 'photo': 'https://s3-media0.fl.yelpcdn.com/bphoto/RXFhFHS92LFElMPbvs0HQg/348s.jpg', 'photos_page_link': 'https://www.yelp.com/biz_photos/TlMAvME72gqd101DT-kUPw', 'phone': '+16043362844', 'country': 'CA', 'neighborhoods': ['Kensington-Cedar Cottage'], 'yelp_guaranteed': False}"
56,OK,36850f19-ca4c-4d99-bf5e-0191210d7ce1,"{'id': 'Y3asZ7FTnaNV-zPj4dnh1Q', 'alias': 'vancouver-physiotherapy-and-sports-clinic-vancouver', 'name': 'Vancouver Physiotherapy and Sports Clinic', 'address': '1001 W Broadway, Vancouver, BC V6H 4B1, Canada', 'website': 'http://www.physiovancouver.ca', 'latitude': 49.2637071, 'longitude': -123.1271879, 'business_page_link': 'https://www.yelp.com/biz/vancouver-physiotherapy-and-sports-clinic-vancouver', 'categories': [{'title': 'Physical Therapy', 'url': 'https://www.yelp.com/search?find_desc=Physical+Therapy&find_loc=Vancouver%2C+BC'}, {'title': 'Acupuncture', 'url': 'https://www.yelp.com/search?find_desc=Acupuncture&find_loc=Vancouver%2C+BC'}, {'title': 'Massage', 'url': 'https://www.yelp.com/search?find_desc=Massage&find_loc=Vancouver%2C+BC'}], 'rating': 3.7, 'review_count': 3, 'photo': 'https://s3-media0.fl.yelpcdn.com/bphoto/ojh0Pqm_RsYzs3C0ZZ9jpw/348s.jpg', 'photos_page_link': 'https://www.yelp.com/biz_photos/Y3asZ7FTnaNV-zPj4dnh1Q', 'phone': '+16047395626', 'country': 'CA', 'neighborhoods': ['Fairview Slopes'], 'yelp_guaranteed': False}"
57,OK,36850f19-ca4c-4d99-bf5e-0191210d7ce1,"{'id': '4fb9yj7DiNW-TMizgC4BMg', 'alias': 'painpro-city-square-vancouver-vancouver', 'name': 'painPRO City Square Vancouver', 'address': '555 W 12th Avenue, Vancouver, BC V5Z 3X7, Canada', 'website': 'https://painproclinics.com/locations/city-square-vancouver/', 'latitude': 49.2608823764827, 'longitude': -123.115948137921, 'business_page_link': 'https://www.yelp.com/biz/painpro-city-square-vancouver-vancouver', 'categories': [{'title': 'Physical Therapy', 'url': 'https://www.yelp.com/search?find_desc=Physical+Therapy&find_loc=Vancouver%2C+BC'}, {'title': 'Massage Therapy', 'url': 'https://www.yelp.com/search?find_desc=Massage+Therapy&find_loc=Vancouver%2C+BC'}, {'title': 'Chiropractors', 'url': 'https://www.yelp.com/search?find_desc=Chiropractors&find_loc=Vancouver%2C+BC'}], 'rating': 4, 'review_count': 10, 'photo': 'https://s3-media0.fl.yelpcdn.com/bphoto/4h9leJULGDWVHxLuoiXooQ/348s.jpg', 'photos_page_link': 'https://www.yelp.com/biz_photos/4fb9yj7DiNW-TMizgC4BMg', 'phone': '+16048760029', 'country': 'CA', 'neighborhoods': ['Fairview Slopes'], 'yelp_guaranteed': False}"
58,OK,36850f19-ca4c-4d99-bf5e-0191210d7ce1,"{'id': 'VDfUbheMni24ltp7zZli3A', 'alias': 'kelvin-physiotherapy-clinic-vancouver', 'name': 'Kelvin Physiotherapy Clinic', 'address': '601 Broadway W, Vancouver, BC V5Z 4C2, Canada', 'website': 'http://kelvinphysio.ca', 'latitude': 49.2637363, 'longitude': -123.1180045, 'business_page_link': 'https://www.yelp.com/biz/kelvin-physiotherapy-clinic-vancouver', 'categories': [{'title': 'Physical Therapy', 'url': 'https://www.yelp.com/search?find_desc=Physical+Therapy&find_loc=Vancouver%2C+BC'}], 'rating': 3.6, 'review_count': 17, 'photo': 'https://s3-media0.fl.yelpcdn.com/bphoto/xLGoo-nK6WzWNshGbMDLWA/348s.jpg', 'photos_page_link': 'https://www.yelp.com/biz_photos/VDfUbheMni24ltp7zZli3A', 'phone': '+16048738270', 'country': 'CA', 'neighborhoods': ['Fairview Slopes'], 'yelp_guaranteed': False}"
59,OK,36850f19-ca4c-4d99-bf5e-0191210d7ce1,"{'id': 'M6yZc2kyGcoQZ-anYFimbw', 'alias': 'physiotherapy-best-vancouver', 'name': 'Physiotherapy Best', 'address': '1673 E Broadway, Vancouver, BC V5N 1V9, Canada', 'website': 'http://www.physiotherapybest.com', 'latitude': 49.2624875, 'longitude': -123.0704212, 'business_page_link': 'https://www.yelp.com/biz/physiotherapy-best-vancouver', 'categories': [{'title': 'Acupuncture', 'url': 'https://www.yelp.com/search?find_desc=Acupuncture&find_loc=Vancouver%2C+BC'}, {'title': 'Chiropractors', 'url': 'https://www.yelp.com/search?find_desc=Chiropractors&find_loc=Vancouver%2C+BC'}, {'title': 'Physical Therapy', 'url': 'https://www.yelp.com/search?find_desc=Physical+Therapy&find_loc=Vancouver%2C+BC'}], 'photo': 'https://s3-media0.fl.yelpcdn.com/bphoto/s9oMkqOIIIzbtJwTUca-UA/348s.jpg', 'photos_page_link': 'https://www.yelp.com/biz_photos/M6yZc2kyGcoQZ-anYFimbw', 'phone': '+16727610524', 'country': 'CA', 'business_highlights': ['Certified professionals', 'Satisfaction guaranteed', 'Budget friendly', 'Free parking', 'Eco-friendly', 'Locally owned & operated'], 'neighborhoods': ['The Drive'], 'yelp_guaranteed': False}"
