,name,overall_rating,review_text,date,review_count,status,request_id,data
0,,,,,,OK,b182c316-c289-49fe-9fe1-eb9ed4343ad5,"{'id': 'DCDwxtLZK58LblvqE2erRw', 'alias': 'anytime-fitness-vancouver-4', 'name': 'Anytime Fitness', 'address': '1433 Cedar Cottage Mews, Vancouver, BC V5N 5Z2, Canada', 'website': 'https://www.anytimefitness.com/gyms/2946/Vancouver-BC-V5N-5Z2/?utm_source=yelp&utm_medium=local&utm_campaign=gw-always-on&utm_content=BL-organic', 'latitude': 49.2493626216517, 'longitude': -123.075019401189, 'business_page_link': 'https://www.yelp.com/biz/anytime-fitness-vancouver-4', 'categories': [{'title': 'Gyms', 'url': 'https://www.yelp.com/search?find_desc=Gyms&find_loc=Vancouver%2C+BC'}, {'title': 'Trainers', 'url': 'https://www.yelp.com/search?find_desc=Trainers&find_loc=Vancouver%2C+BC'}], 'rating': 4.3, 'review_count': 40, 'photo': 'https://s3-media0.fl.yelpcdn.com/bphoto/Ib-FD2IJafDgNEV89Ujg0w/348s.jpg', 'photos_page_link': 'https://www.yelp.com/biz_photos/DCDwxtLZK58LblvqE2erRw', 'phone': '+16045581551', 'country': 'CA', 'neighborhoods': ['Kensington-Cedar Cottage'], 'yelp_guaranteed': False}"
1,,,,,,OK,b182c316-c289-49fe-9fe1-eb9ed4343ad5,"{'id': '1M5SWlhPLNmEYUmZRwsekg', 'alias': 'eastside-fitness-vancouver', 'name': 'Eastside Fitness', 'address': '5788 Fraser Street, Vancouver, BC V5W 2Z5, Canada', 'website': 'http://www.eastsidefitness.ca/', 'latitude': 49.2320232, 'longitude': -123.090553, 'business_page_link': 'https://www.yelp.com/biz/eastside-fitness-vancouver', 'categories': [{'title': 'Gyms', 'url': 'https://www.yelp.com/search?find_desc=Gyms&find_loc=Vancouver%2C+BC'}, {'title': 'Yoga', 'url': 'https://www.yelp.com/search?find_desc=Yoga&find_loc=Vancouver%2C+BC'}, {'title': 'Trainers', 'url': 'https://www.yelp.com/search?find_desc=Trainers&find_loc=Vancouver%2C+BC'}], 'rating': 5, 'review_count': 8, 'photo': 'https://s3-media0.fl.yelpcdn.com/bphoto/bCif9LON9ZzV4fbV57d4OA/348s.jpg', 'photos_page_link': 'https://www.yelp.com/biz_photos/1M5SWlhPLNmEYUmZRwsekg', 'phone': '+16045681224', 'country': 'CA', 'neighborhoods': ['Sunset'], 'yelp_guaranteed': False}"
2,,,,,,OK,b182c316-c289-49fe-9fe1-eb9ed4343ad5,"{'id': 'hrN0N2ugonRhY0mlT4T0Hw', 'alias': 'raincity-athletics-vancouver-2', 'name': 'Raincity Athletics', 'address': '333 Terminal Avenue, Vancouver, BC V6A 2L7, Canada', 'website': 'http://raincityathletics.ca', 'latitude': 49.2721813, 'longitude': -123.0958078, 'business_page_link': 'https://www.yelp.com/biz/raincity-athletics-vancouver-2', 'categories': [{'title': 'Trainers', 'url': 'https://www.yelp.com/search?find_desc=Trainers&find_loc=Vancouver%2C+BC'}, {'title': 'Gyms', 'url': 'https://www.yelp.com/search?find_desc=Gyms&find_loc=Vancouver%2C+BC'}], 'rating': 5, 'review_count': 7, 'photo': 'https://s3-media0.fl.yelpcdn.com/bphoto/9TrIAzNzgFZR68djLAyoTg/348s.jpg', 'photos_page_link': 'https://www.yelp.com/biz_photos/hrN0N2ugonRhY0mlT4T0Hw', 'phone': '+17783839316', 'country': 'CA', 'neighborhoods': ['Strathcona'], 'yelp_guaranteed': False}"
3,,,,,,OK,b182c316-c289-49fe-9fe1-eb9ed4343ad5,"{'id': 'kPlX__kbfE3v9xR-H3Xjew', 'alias': 'anytime-fitness-vancouver-7', 'name': 'Anytime Fitness', 'address': '236-60 Smithe St, Vancouver, BC V6B 0B5, Canada', 'website': 'https://www.anytimefitness.com/gyms/3787/Vancouver-BC-V6B-0B5/?utm_source=yelp&utm_medium=local&utm_campaign=gw-always-on&utm_content=BL-organic', 'latitude': 49.2751842, 'longitude': -123.1138646, 'business_page_link': 'https://www.yelp.com/biz/anytime-fitness-vancouver-7', 'categories': [{'title': 'Gyms', 'url': 'https://www.yelp.com/search?find_desc=Gyms&find_loc=Vancouver%2C+BC'}, {'title': 'Trainers', 'url': 'https://www.yelp.com/search?find_desc=Trainers&find_loc=Vancouver%2C+BC'}], 'rating': 4.3, 'review_count': 3, 'photo': 'https://s3-media0.fl.yelpcdn.com/bphoto/MQbeDz70v1aMD_I46Ml_1Q/348s.jpg', 'photos_page_link': 'https://www.yelp.com/biz_photos/kPlX__kbfE3v9xR-H3Xjew', 'phone': '+16046395501', 'country': 'CA', 'neighborhoods': ['Yaletown'], 'yelp_guaranteed': False}"
4,,,,,,OK,b182c316-c289-49fe-9fe1-eb9ed4343ad5,"{'id': '4aGyZ7XEnFqQ1EFk1wFvqw', 'alias': 'function-health-club-vancouver', 'name': 'Function Health Club', 'address': '788 Beatty Street, Vancouver, BC V6B 2M1, Canada', 'website': 'http://functionhealthclub.com', 'latitude': 49.277609541022294, 'longitude': -123.11348742525226, 'business_page_link': 'https://www.yelp.com/biz/function-health-club-vancouver', 'categories': [{'title': 'Trainers', 'url': 'https://www.yelp.com/search?find_desc=Trainers&find_loc=Vancouver%2C+BC'}, {'title': 'Gyms', 'url': 'https://www.yelp.com/search?find_desc=Gyms&find_loc=Vancouver%2C+BC'}, {'title': 'Health Coach', 'url': 'https://www.yelp.com/search?find_desc=Health+Coach&find_loc=Vancouver%2C+BC'}], 'rating': 5, 'review_count': 4, 'photo': 'https://s3-media0.fl.yelpcdn.com/bphoto/dSSqvkbA287qptqsCHkPEQ/348s.jpg', 'photos_page_link': 'https://www.yelp.com/biz_photos/4aGyZ7XEnFqQ1EFk1wFvqw', 'phone': '+16046082522', 'country': 'CA', 'neighborhoods': ['Downtown'], 'yelp_guaranteed': False}"
5,,,,,,OK,b182c316-c289-49fe-9fe1-eb9ed4343ad5,"{'id': 'GrHrX35LnWHT99lp_EJtAA', 'alias': 'richmond-sports-and-fitness-richmond', 'name': 'Richmond Sports and Fitness', 'address': '2251 Number 5 Road, Richmond, BC V6X 2S8, Canada', 'website': 'http://richmondsportsandfitness.ca', 'latitude': 49.195702, 'longitude': -123.091492, 'business_page_link': 'https://www.yelp.com/biz/richmond-sports-and-fitness-richmond', 'categories': [{'title': 'Gyms', 'url': 'https://www.yelp.com/search?find_desc=Gyms&find_loc=Vancouver%2C+BC'}, {'title': 'Martial Arts', 'url': 'https://www.yelp.com/search?find_desc=Martial+Arts&find_loc=Vancouver%2C+BC'}], 'rating': 4.5, 'review_count': 8, 'photo': 'https://s3-media0.fl.yelpcdn.com/bphoto/5kB_nW6XOHYLtrvu3-izFw/348s.jpg', 'photos_page_link': 'https://www.yelp.com/biz_photos/GrHrX35LnWHT99lp_EJtAA', 'country': 'CA', 'yelp_guaranteed': False}"
6,,,,,,OK,b182c316-c289-49fe-9fe1-eb9ed4343ad5,"{'id': '0QBAHLXr38DbMiG4reyetg', 'alias': 'ywca-health-and-fitness-vancouver', 'name': 'YWCA Health and Fitness', 'address': '535 Hornby St, Vancouver, BC V6C 2E8, Canada', 'website': 'http://www.ywcahealthandfitness.com', 'latitude': 49.2855552, 'longitude': -123.1178038, 'business_page_link': 'https://www.yelp.com/biz/ywca-health-and-fitness-vancouver', 'categories': [{'title': 'Swimming Pools', 'url': 'https://www.yelp.com/search?find_desc=Swimming+Pools&find_loc=Vancouver%2C+BC'}, {'title': 'Gyms', 'url': 'https://www.yelp.com/search?find_desc=Gyms&find_loc=Vancouver%2C+BC'}, {'title': 'Swimming Lessons/Schools', 'url': 'https://www.yelp.com/search?find_desc=Swimming+Lessons%2FSchools&find_loc=Vancouver%2C+BC'}], 'rating': 3.6, 'review_count': 14, 'photo': 'https://s3-media0.fl.yelpcdn.com/bphoto/nrswtJUaIp9zieo5QOEpFw/348s.jpg', 'photos_page_link': 'https://www.yelp.com/biz_photos/0QBAHLXr38DbMiG4reyetg', 'phone': '+16048955777', 'country': 'CA', 'neighborhoods': ['Downtown'], 'yelp_guaranteed': False}"
7,,,,,,OK,b182c316-c289-49fe-9fe1-eb9ed4343ad5,"{'id': 'I0Xpao6QRifzTQys6qobww', 'alias': 'mount-pleasant-community-centre-vancouver-2', 'name': 'Mount Pleasant Community Centre', 'address': '1 Kingsway, Vancouver, BC V5T 3H7, Canada', 'website': 'http://vancouver.ca/parks/cc/mtpleasant/website/index.htm', 'latitude': 49.264127, 'longitude': -123.100195, 'business_page_link': 'https://www.yelp.com/biz/mount-pleasant-community-centre-vancouver-2', 'categories': [{'title': 'Community Centers', 'url': 'https://www.yelp.com/search?find_desc=Community+Centers&find_loc=Vancouver%2C+BC'}, {'title': 'Gyms', 'url': 'https://www.yelp.com/search?find_desc=Gyms&find_loc=Vancouver%2C+BC'}], 'rating': 3.1, 'review_count': 36, 'photo': 'https://s3-media0.fl.yelpcdn.com/bphoto/qu0XXagOriLPPCxkFo-XwQ/348s.jpg', 'photos_page_link': 'https://www.yelp.com/biz_photos/I0Xpao6QRifzTQys6qobww', 'phone': '+16042573080', 'country': 'CA', 'neighborhoods': ['Mount Pleasant'], 'yelp_guaranteed': False}"
8,,,,,,OK,b182c316-c289-49fe-9fe1-eb9ed4343ad5,"{'id': '_0Hs9eMmT4jRTcEyhPssqw', 'alias': 'crossfit-604-vancouver-2', 'name': 'CrossFit 604', 'address': '124 East Cordova Street, Vancouver, BC V6A 1K9, Canada', 'website': 'http://crossfit604.com/', 'latitude': 49.28215978194955, 'longitude': -123.10160522023773, 'business_page_link': 'https://www.yelp.com/biz/crossfit-604-vancouver-2', 'categories': [{'title': 'Trainers', 'url': 'https://www.yelp.com/search?find_desc=Trainers&find_loc=Vancouver%2C+BC'}, {'title': 'Gyms', 'url': 'https://www.yelp.com/search?find_desc=Gyms&find_loc=Vancouver%2C+BC'}], 'rating': 4.8, 'review_count': 33, 'photo': 'https://s3-media0.fl.yelpcdn.com/bphoto/sNpug99sXcIILfoBuHPaiA/348s.jpg', 'photos_page_link': 'https://www.yelp.com/biz_photos/_0Hs9eMmT4jRTcEyhPssqw', 'phone': '+16048999443', 'country': 'CA', 'neighborhoods': ['Downtown Eastside'], 'yelp_guaranteed': False}"
9,,,,,,OK,b182c316-c289-49fe-9fe1-eb9ed4343ad5,"{'id': 'l3Ui7AXwDTgplqmRH9-Djw', 'alias': 'olympus-fitness-vancouver', 'name': 'Olympus Fitness', 'address': '1615 E 1st Ave, Vancouver, BC V5N 1A8, Canada', 'website': 'https://www.olympusfitnesscentre.com', 'latitude': 49.2699098, 'longitude': -123.0712321, 'business_page_link': 'https://www.yelp.com/biz/olympus-fitness-vancouver', 'categories': [{'title': 'Gyms', 'url': 'https://www.yelp.com/search?find_desc=Gyms&find_loc=Vancouver%2C+BC'}], 'rating': 5, 'review_count': 1, 'photo': 'https://s3-media0.fl.yelpcdn.com/bphoto/aMGyuZbSq5PdW2NjSKfmPA/348s.jpg', 'photos_page_link': 'https://www.yelp.com/biz_photos/l3Ui7AXwDTgplqmRH9-Djw', 'phone': '+16042553489', 'country': 'CA', 'neighborhoods': ['The Drive'], 'yelp_guaranteed': False}"
10,,,,,,OK,f9354ce1-0586-4916-9b7d-4dba42c2a7e0,"{'id': 'PFXFr1emQ4n5Zlu60s4Fdg', 'alias': 'the-bar-method-vancouver-5', 'name': 'The Bar Method', 'address': '111 Smithe Street, Vancouver, BC V6B 4Z8, Canada', 'website': 'https://barmethod.com/locations/vancouver-yaletown/special', 'latitude': 49.2770182, 'longitude': -123.1161541, 'business_page_link': 'https://www.yelp.com/biz/the-bar-method-vancouver-5', 'categories': [{'title': 'Barre Classes', 'url': 'https://www.yelp.com/search?find_desc=Barre+Classes&find_loc=Vancouver%2C+BC'}], 'rating': 4.8, 'review_count': 38, 'photo': 'https://s3-media0.fl.yelpcdn.com/bphoto/6GdJOoRS9TanrqWbvOabgg/348s.jpg', 'photos_page_link': 'https://www.yelp.com/biz_photos/PFXFr1emQ4n5Zlu60s4Fdg', 'phone': '+16046816188', 'country': 'CA', 'neighborhoods': ['Yaletown'], 'yelp_guaranteed': False}"
11,,,,,,OK,f9354ce1-0586-4916-9b7d-4dba42c2a7e0,"{'id': 'HdRUtg4AfUxcOFfEqv3Q4w', 'alias': 'dynamic-health-and-fitness-new-westminster-2', 'name': 'Dynamic Health and Fitness', 'address': '800 Carnarvon Street, New Westminster, BC V3M 0G3, Canada', 'website': 'http://www.dynamichealthandfitness.ca/', 'latitude': 49.2018471, 'longitude': -122.9127045, 'business_page_link': 'https://www.yelp.com/biz/dynamic-health-and-fitness-new-westminster-2', 'categories': [{'title': 'Gyms', 'url': 'https://www.yelp.com/search?find_desc=Gyms&find_loc=Vancouver%2C+BC'}], 'rating': 4.6, 'review_count': 14, 'photo': 'https://s3-media0.fl.yelpcdn.com/bphoto/bqfi--hGiN3EVm8rERAclg/348s.jpg', 'photos_page_link': 'https://www.yelp.com/biz_photos/HdRUtg4AfUxcOFfEqv3Q4w', 'phone': '+16045218746', 'country': 'CA', 'yelp_guaranteed': False}"
12,,,,,,OK,f9354ce1-0586-4916-9b7d-4dba42c2a7e0,"{'id': '4AQe5bO53UEpNhbIMsx5oQ', 'alias': 'club-16-trevor-linden-fitness-downtown-vancouver', 'name': 'Club16 Trevor Linden Fitness', 'address': '1055 Canada Place, Vancouver, BC V6C 0C3, Canada', 'website': 'https://www.trevorlindenfitness.com/clubs/fitness-centre-downtown-vancouver', 'latitude': 49.288658, 'longitude': -123.111232, 'business_page_link': 'https://www.yelp.com/biz/club-16-trevor-linden-fitness-downtown-vancouver', 'categories': [{'title': 'Gyms', 'url': 'https://www.yelp.com/search?find_desc=Gyms&find_loc=Vancouver%2C+BC'}], 'rating': 2.2, 'review_count': 93, 'photo': 'https://s3-media0.fl.yelpcdn.com/bphoto/Mk1o91ovK91FIBk7CPyHNQ/348s.jpg', 'photos_page_link': 'https://www.yelp.com/biz_photos/4AQe5bO53UEpNhbIMsx5oQ', 'phone': '+16045581600', 'country': 'CA', 'neighborhoods': ['Downtown'], 'yelp_guaranteed': False}"
13,,,,,,OK,f9354ce1-0586-4916-9b7d-4dba42c2a7e0,"{'id': 'Q4x25nfGPGWCcFgaFDM5dg', 'alias': 'shes-fit-metrotown-burnaby', 'name': 'Sheâ€™s FIT!', 'address': '4277 Kingsway, Burnaby, BC V5H 3Z2, Canada', 'website': 'https://www.trevorlindenfitness.com/metrotown/', 'latitude': 49.2321854, 'longitude': -123.0100474, 'business_page_link': 'https://www.yelp.com/biz/shes-fit-metrotown-burnaby', 'categories': [{'title': 'Gyms', 'url': 'https://www.yelp.com/search?find_desc=Gyms&find_loc=Vancouver%2C+BC'}], 'rating': 2.5, 'review_count': 39, 'photo': 'https://s3-media0.fl.yelpcdn.com/bphoto/HVmH9DBIWIIFutp-_VN-pg/348s.jpg', 'photos_page_link': 'https://www.yelp.com/biz_photos/Q4x25nfGPGWCcFgaFDM5dg', 'phone': '+16044381411', 'country': 'CA', 'neighborhoods': ['Metrotown'], 'yelp_guaranteed': False}"
14,,,,,,OK,f9354ce1-0586-4916-9b7d-4dba42c2a7e0,"{'id': 'dZdQCg1J_W3ciCdDtI9BkQ', 'alias': 'kalev-fitness-solution-vancouver', 'name': 'Kalev Fitness Solution', 'address': '128 W Pender, Vancouver, BC V6B 1R8, Canada', 'website': 'https://www.kalevfitness.com', 'latitude': 49.2811008281998, 'longitude': -123.108431696892, 'business_page_link': 'https://www.yelp.com/biz/kalev-fitness-solution-vancouver', 'categories': [{'title': 'Trainers', 'url': 'https://www.yelp.com/search?find_desc=Trainers&find_loc=Vancouver%2C+BC'}, {'title': 'Gyms', 'url': 'https://www.yelp.com/search?find_desc=Gyms&find_loc=Vancouver%2C+BC'}], 'rating': 4.4, 'review_count': 79, 'photo': 'https://s3-media0.fl.yelpcdn.com/bphoto/V-QCEroU8M6lH_JcbFvcLg/348s.jpg', 'photos_page_link': 'https://www.yelp.com/biz_photos/dZdQCg1J_W3ciCdDtI9BkQ', 'phone': '+17786072329', 'country': 'CA', 'neighborhoods': ['Downtown'], 'yelp_guaranteed': False, 'average_response_time_seconds': 566}"
15,,,,,,OK,f9354ce1-0586-4916-9b7d-4dba42c2a7e0,"{'id': '__XPIlwje1ChupYsQUBTDw', 'alias': 'ufc-gym-richmond-richmond-2', 'name': 'UFC GYM Richmond', 'address': '6351 Westminster Hwy, Richmond, BC V7C 4V4, Canada', 'latitude': 49.1710876, 'longitude': -123.1551681, 'business_page_link': 'https://www.yelp.com/biz/ufc-gym-richmond-richmond-2', 'categories': [{'title': 'Martial Arts', 'url': 'https://www.yelp.com/search?find_desc=Martial+Arts&find_loc=Vancouver%2C+BC'}, {'title': 'Gyms', 'url': 'https://www.yelp.com/search?find_desc=Gyms&find_loc=Vancouver%2C+BC'}, {'title': 'Trainers', 'url': 'https://www.yelp.com/search?find_desc=Trainers&find_loc=Vancouver%2C+BC'}], 'rating': 5, 'review_count': 3, 'photo': 'https://s3-media0.fl.yelpcdn.com/bphoto/yb8xc1E4yJUkZY-JQ69gMQ/348s.jpg', 'photos_page_link': 'https://www.yelp.com/biz_photos/__XPIlwje1ChupYsQUBTDw', 'phone': '+16042769377', 'country': 'CA', 'yelp_guaranteed': False}"
16,,,,,,OK,f9354ce1-0586-4916-9b7d-4dba42c2a7e0,"{'id': '2AvsUkxdE8rT7iobYsw5ew', 'alias': 'goodlife-fitness-burnaby-sovereign-burnaby', 'name': 'GoodLife Fitness Burnaby Sovereign', 'address': '4501 Kingsway, Burnaby, BC V5H 4V8, Canada', 'website': 'http://www.goodlifefitness.com/locations/britishcolumbia/burnaby/sovereign', 'latitude': 49.2302618994421, 'longitude': -123.004401475516, 'business_page_link': 'https://www.yelp.com/biz/goodlife-fitness-burnaby-sovereign-burnaby', 'categories': [{'title': 'Gyms', 'url': 'https://www.yelp.com/search?find_desc=Gyms&find_loc=Vancouver%2C+BC'}], 'rating': 2.7, 'review_count': 35, 'photo': 'https://s3-media0.fl.yelpcdn.com/bphoto/Z-DU3GNtZE-0NMyVFm03cg/348s.jpg', 'photos_page_link': 'https://www.yelp.com/biz_photos/2AvsUkxdE8rT7iobYsw5ew', 'phone': '+16044190222', 'country': 'CA', 'neighborhoods': ['Metrotown'], 'yelp_guaranteed': False}"
17,,,,,,OK,f9354ce1-0586-4916-9b7d-4dba42c2a7e0,"{'id': 'aHSZDdaT7AAGYcfqnXbGUA', 'alias': 'fitness-world-vancouver-2', 'name': 'Fitness World', 'address': '1214 Howe Street, Vancouver, BC V6Z 1R5, Canada', 'website': 'https://www.fitnessworld.ca/locations/downtown/', 'latitude': 49.27757382201488, 'longitude': -123.12733176656066, 'business_page_link': 'https://www.yelp.com/biz/fitness-world-vancouver-2', 'categories': [{'title': 'Gyms', 'url': 'https://www.yelp.com/search?find_desc=Gyms&find_loc=Vancouver%2C+BC'}, {'title': 'Yoga', 'url': 'https://www.yelp.com/search?find_desc=Yoga&find_loc=Vancouver%2C+BC'}], 'rating': 2.5, 'review_count': 13, 'photo': 'https://s3-media0.fl.yelpcdn.com/bphoto/NiDYD6K4sJ3BUIufsTaftQ/348s.jpg', 'photos_page_link': 'https://www.yelp.com/biz_photos/aHSZDdaT7AAGYcfqnXbGUA', 'phone': '+16045584964', 'country': 'CA', 'neighborhoods': ['Downtown'], 'yelp_guaranteed': False}"
18,,,,,,OK,f9354ce1-0586-4916-9b7d-4dba42c2a7e0,"{'id': '7y6MEyut-Q6-G3IOTc8THA', 'alias': 'fitnastika-vancouver', 'name': 'Fitnastika', 'address': '1022 Seymour Street, Vancouver, BC V6B 0G1, Canada', 'website': 'http://www.fitnastika.com', 'latitude': 49.2782087, 'longitude': -123.1223558, 'business_page_link': 'https://www.yelp.com/biz/fitnastika-vancouver', 'categories': [{'title': 'Trainers', 'url': 'https://www.yelp.com/search?find_desc=Trainers&find_loc=Vancouver%2C+BC'}, {'title': 'Gyms', 'url': 'https://www.yelp.com/search?find_desc=Gyms&find_loc=Vancouver%2C+BC'}], 'rating': 5, 'review_count': 1, 'photo': 'https://s3-media0.fl.yelpcdn.com/bphoto/DVbhh-i_ZIr2ZMSoFebgdg/348s.jpg', 'photos_page_link': 'https://www.yelp.com/biz_photos/7y6MEyut-Q6-G3IOTc8THA', 'phone': '+16043560733', 'country': 'CA', 'neighborhoods': ['Granville Entertainment District'], 'yelp_guaranteed': False}"
19,,,,,,OK,f9354ce1-0586-4916-9b7d-4dba42c2a7e0,"{'id': 'r9fU3eQW7LnshQteKDZIQQ', 'alias': 'orangetheory-fitness-vancouver-2', 'name': 'Orangetheory Fitness', 'address': '1160 Davie Street, Vancouver, BC V6E 1N1, Canada', 'website': 'http://davie-street.orangetheoryfitness.com', 'latitude': 49.2811199197489, 'longitude': -123.132523019792, 'business_page_link': 'https://www.yelp.com/biz/orangetheory-fitness-vancouver-2', 'categories': [{'title': 'Gyms', 'url': 'https://www.yelp.com/search?find_desc=Gyms&find_loc=Vancouver%2C+BC'}], 'rating': 2.6, 'review_count': 14, 'photo': 'https://s3-media0.fl.yelpcdn.com/bphoto/UC2GUENbaPR1Zt4_nac26A/348s.jpg', 'photos_page_link': 'https://www.yelp.com/biz_photos/r9fU3eQW7LnshQteKDZIQQ', 'phone': '+16044286916', 'country': 'CA', 'neighborhoods': ['West End'], 'yelp_guaranteed': False}"
20,,,,,,OK,47936f66-01b3-455e-95b8-76eace3189cc,"{'id': 'EdNi9en0ogHtF0sZpfsl5w', 'alias': 'fittopia-fitness-center-richmond', 'name': 'Fittopia Fitness Center', 'address': '7951 Alderbridge Way, Richmond, BC V6X 2A4, Canada', 'website': 'http://www.fittopia.ca', 'latitude': 49.17832637004929, 'longitude': -123.13815434402312, 'business_page_link': 'https://www.yelp.com/biz/fittopia-fitness-center-richmond', 'categories': [{'title': 'Gyms', 'url': 'https://www.yelp.com/search?find_desc=Gyms&find_loc=Vancouver%2C+BC'}], 'photo': 'https://s3-media0.fl.yelpcdn.com/bphoto/Zs0zgUwNzHNauV6Eo_wDDg/348s.jpg', 'photos_page_link': 'https://www.yelp.com/biz_photos/EdNi9en0ogHtF0sZpfsl5w', 'phone': '+12364546868', 'country': 'CA', 'neighborhoods': ['Golden Village'], 'yelp_guaranteed': False}"
21,,,,,,OK,47936f66-01b3-455e-95b8-76eace3189cc,"{'id': 'b7DbjieJ0HJHnATzE6Wpuw', 'alias': 'vancouver-mind-body-centre-vancouver', 'name': 'Vancouver Mind-Body Centre', 'address': '4364 Fraser Street, Vancouver, BC V5V 4G3, Canada', 'website': 'http://www.vancouvermindbody.com', 'latitude': 49.2459354, 'longitude': -123.0900284, 'business_page_link': 'https://www.yelp.com/biz/vancouver-mind-body-centre-vancouver', 'categories': [{'title': 'Gyms', 'url': 'https://www.yelp.com/search?find_desc=Gyms&find_loc=Vancouver%2C+BC'}], 'rating': 5, 'review_count': 5, 'photo': 'https://s3-media0.fl.yelpcdn.com/bphoto/exCFo2rc3mp9yFOXdwexMw/348s.jpg', 'photos_page_link': 'https://www.yelp.com/biz_photos/b7DbjieJ0HJHnATzE6Wpuw', 'phone': '+16043773800', 'country': 'CA', 'neighborhoods': ['Riley Park'], 'yelp_guaranteed': False}"
22,,,,,,OK,47936f66-01b3-455e-95b8-76eace3189cc,"{'id': 'eGjEo1RP2ql5jkgndaYXuA', 'alias': 'bentall-centre-athletic-club-vancouver', 'name': 'Bentall Centre Athletic Club', 'address': '1055 Dunsmuir Street, Vancouver, BC V7X 1L3, Canada', 'website': 'http://www.bentallcentreathleticclub.com', 'latitude': 49.2861532, 'longitude': -123.1205987, 'business_page_link': 'https://www.yelp.com/biz/bentall-centre-athletic-club-vancouver', 'categories': [{'title': 'Gyms', 'url': 'https://www.yelp.com/search?find_desc=Gyms&find_loc=Vancouver%2C+BC'}], 'rating': 4, 'review_count': 4, 'photo': 'https://s3-media0.fl.yelpcdn.com/bphoto/-31Nr5mzJ06qNEbc4b1jWQ/348s.jpg', 'photos_page_link': 'https://www.yelp.com/biz_photos/eGjEo1RP2ql5jkgndaYXuA', 'phone': '+16046894424', 'country': 'CA', 'neighborhoods': ['Downtown'], 'yelp_guaranteed': False}"
23,,,,,,OK,47936f66-01b3-455e-95b8-76eace3189cc,"{'id': 'GluInLq3Ko_iGZrloik-KQ', 'alias': 'genesis-athletic-club-north-vancouver', 'name': 'Genesis Athletic Club', 'address': '949 3rd Street W, North Vancouver, BC V7P 3P7, Canada', 'website': 'http://genesisathleticclub.com', 'latitude': 49.3196563, 'longitude': -123.1001918, 'business_page_link': 'https://www.yelp.com/biz/genesis-athletic-club-north-vancouver', 'categories': [{'title': 'Gyms', 'url': 'https://www.yelp.com/search?find_desc=Gyms&find_loc=Vancouver%2C+BC'}], 'rating': 1.7, 'review_count': 12, 'photo': 'https://s3-media0.fl.yelpcdn.com/bphoto/_rqqxVcbhWR6kgQnFit33A/348s.jpg', 'photos_page_link': 'https://www.yelp.com/biz_photos/GluInLq3Ko_iGZrloik-KQ', 'phone': '+16049869177', 'country': 'CA', 'yelp_guaranteed': False}"
24,,,,,,OK,47936f66-01b3-455e-95b8-76eace3189cc,"{'id': 'bsalZJCYaoORGf5LMLmjTw', 'alias': 'ymca-of-greater-vancouver-vancouver', 'name': 'YMCA of Greater Vancouver', 'address': '282 49th Ave W, Vancouver, BC V5Y 2Z5, Canada', 'latitude': 49.22554359999999, 'longitude': -123.1123971, 'business_page_link': 'https://www.yelp.com/biz/ymca-of-greater-vancouver-vancouver', 'categories': [{'title': 'Amateur Sports Teams', 'url': 'https://www.yelp.com/search?find_desc=Amateur+Sports+Teams&find_loc=Vancouver%2C+BC'}, {'title': 'Fitness & Instruction', 'url': 'https://www.yelp.com/search?find_desc=Fitness+%26+Instruction&find_loc=Vancouver%2C+BC'}], 'rating': 3.1, 'review_count': 14, 'photo': 'https://s3-media0.fl.yelpcdn.com/bphoto/cwhfxSQWA0Iud7j0XY_UPQ/348s.jpg', 'photos_page_link': 'https://www.yelp.com/biz_photos/bsalZJCYaoORGf5LMLmjTw', 'phone': '+16043249622', 'country': 'CA', 'neighborhoods': ['Oakridge'], 'yelp_guaranteed': False}"
25,,,,,,OK,47936f66-01b3-455e-95b8-76eace3189cc,"{'id': 'GDhy7bKe3Oc2YCaC6Qb1mg', 'alias': 'rep1-fitness-vancouver', 'name': 'Rep1 Fitness', 'address': '3313 West Broadway, Vancouver, BC V6R 2B1, Canada', 'website': 'https://rep1.ca', 'latitude': 49.2645516, 'longitude': -123.1784439, 'business_page_link': 'https://www.yelp.com/biz/rep1-fitness-vancouver', 'categories': [{'title': 'Trainers', 'url': 'https://www.yelp.com/search?find_desc=Trainers&find_loc=Vancouver%2C+BC'}, {'title': 'Gyms', 'url': 'https://www.yelp.com/search?find_desc=Gyms&find_loc=Vancouver%2C+BC'}, {'title': 'Massage Therapy', 'url': 'https://www.yelp.com/search?find_desc=Massage+Therapy&find_loc=Vancouver%2C+BC'}], 'rating': 5, 'review_count': 6, 'photo': 'https://s3-media0.fl.yelpcdn.com/bphoto/r0Cp2m3UI9UD__uUzE8WEA/348s.jpg', 'photos_page_link': 'https://www.yelp.com/biz_photos/GDhy7bKe3Oc2YCaC6Qb1mg', 'phone': '+16047420555', 'country': 'CA', 'neighborhoods': ['Kitsilano'], 'yelp_guaranteed': False}"
26,,,,,,OK,47936f66-01b3-455e-95b8-76eace3189cc,"{'id': 'd0wWJ5znTeHvHJCthjgKqQ', 'alias': 'bonsor-recreation-complex-burnaby', 'name': 'Bonsor Recreation Complex', 'address': '6550 Bonsor Avenue, Burnaby, BC V5H 3G4, Canada', 'website': 'https://www.burnaby.ca/recreation-and-arts/recreation-facilities/bonsor-recreation-complex', 'latitude': 49.22423183463679, 'longitude': -122.99474290000147, 'business_page_link': 'https://www.yelp.com/biz/bonsor-recreation-complex-burnaby', 'categories': [{'title': 'Recreation Centers', 'url': 'https://www.yelp.com/search?find_desc=Recreation+Centers&find_loc=Vancouver%2C+BC'}, {'title': 'Gyms', 'url': 'https://www.yelp.com/search?find_desc=Gyms&find_loc=Vancouver%2C+BC'}, {'title': 'Squash', 'url': 'https://www.yelp.com/search?find_desc=Squash&find_loc=Vancouver%2C+BC'}], 'rating': 3.3, 'review_count': 34, 'photo': 'https://s3-media0.fl.yelpcdn.com/bphoto/Zpfv_facLzF-LftWFooSQQ/348s.jpg', 'photos_page_link': 'https://www.yelp.com/biz_photos/d0wWJ5znTeHvHJCthjgKqQ', 'phone': '+16042974597', 'country': 'CA', 'neighborhoods': ['Metrotown'], 'yelp_guaranteed': False}"
27,,,,,,OK,47936f66-01b3-455e-95b8-76eace3189cc,"{'id': '38A6EzOb_hajUQmbVAwr2w', 'alias': 'fit-integrated-wellness-vancouver', 'name': 'Fit Integrated Wellness', 'address': '110-856 Homer St, Vancouver, BC V6B 2W2, Canada', 'website': 'http://www.fitintegrated.ca', 'latitude': 49.2789333, 'longitude': -123.1174333, 'business_page_link': 'https://www.yelp.com/biz/fit-integrated-wellness-vancouver', 'categories': [{'title': 'Trainers', 'url': 'https://www.yelp.com/search?find_desc=Trainers&find_loc=Vancouver%2C+BC'}, {'title': 'Gyms', 'url': 'https://www.yelp.com/search?find_desc=Gyms&find_loc=Vancouver%2C+BC'}, {'title': 'Massage Therapy', 'url': 'https://www.yelp.com/search?find_desc=Massage+Therapy&find_loc=Vancouver%2C+BC'}], 'rating': 4.6, 'review_count': 11, 'photo': 'https://s3-media0.fl.yelpcdn.com/bphoto/FeXC8E4sJsiLzBZXlLRVzg/348s.jpg', 'photos_page_link': 'https://www.yelp.com/biz_photos/38A6EzOb_hajUQmbVAwr2w', 'phone': '+18443484630', 'country': 'CA', 'neighborhoods': ['Downtown'], 'yelp_guaranteed': False}"
28,,,,,,OK,47936f66-01b3-455e-95b8-76eace3189cc,"{'id': 'NKYtcNQy8NOlaixIx7Qv1A', 'alias': 'ron-zalko-fitness-and-yoga-vancouver-26', 'name': 'Ron Zalko Fitness & Yoga', 'address': '1807 W 1st Avenue, Vancouver, BC V6J 1G5, Canada', 'website': 'http://www.ronzalko.com/', 'latitude': 49.2707766, 'longitude': -123.1464249, 'business_page_link': 'https://www.yelp.com/biz/ron-zalko-fitness-and-yoga-vancouver-26', 'categories': [{'title': 'Gyms', 'url': 'https://www.yelp.com/search?find_desc=Gyms&find_loc=Vancouver%2C+BC'}, {'title': 'Yoga', 'url': 'https://www.yelp.com/search?find_desc=Yoga&find_loc=Vancouver%2C+BC'}, {'title': 'Trainers', 'url': 'https://www.yelp.com/search?find_desc=Trainers&find_loc=Vancouver%2C+BC'}], 'rating': 2.6, 'review_count': 83, 'photo': 'https://s3-media0.fl.yelpcdn.com/bphoto/sQEbRIscCY0rJ9bwl3acLA/348s.jpg', 'photos_page_link': 'https://www.yelp.com/biz_photos/NKYtcNQy8NOlaixIx7Qv1A', 'phone': '+16047374355', 'country': 'CA', 'neighborhoods': ['Kitsilano'], 'yelp_guaranteed': False}"
29,,,,,,OK,47936f66-01b3-455e-95b8-76eace3189cc,"{'id': '0uepQNpY8It8QZ7EVY1xyQ', 'alias': 'b2-fitness-vancouver', 'name': 'B2 Fitness', 'address': '1961 Main Street, Vancouver, BC V5T 3C1, Canada', 'latitude': 49.2677567175843, 'longitude': -123.100997095457, 'business_page_link': 'https://www.yelp.com/biz/b2-fitness-vancouver', 'categories': [{'title': 'Trainers', 'url': 'https://www.yelp.com/search?find_desc=Trainers&find_loc=Vancouver%2C+BC'}, {'title': 'Gyms', 'url': 'https://www.yelp.com/search?find_desc=Gyms&find_loc=Vancouver%2C+BC'}], 'rating': 5, 'review_count': 1, 'photo': 'https://s3-media0.fl.yelpcdn.com/bphoto/v1P27c1KxXTWP-u0FX425Q/348s.jpg', 'photos_page_link': 'https://www.yelp.com/biz_photos/0uepQNpY8It8QZ7EVY1xyQ', 'country': 'CA', 'neighborhoods': ['Mount Pleasant'], 'yelp_guaranteed': False}"
30,,,,,,OK,d15f2463-4f94-4af9-b1d5-3f587e5444be,"{'id': 'NPw5JX93QGTGy2T0srQNJw', 'alias': 'anytime-fitness-vancouver-6', 'name': 'Anytime Fitness', 'address': '200 - 1015 Denman St, Vancouver, BC V6G 2M4, Canada', 'website': 'https://www.anytimefitness.com/gyms/3804/Vancouver-BC-V6G-2M4/?utm_source=yelp&utm_medium=local&utm_campaign=gw-always-on&utm_content=BL-organic', 'latitude': 49.2891625683107, 'longitude': -123.139219893967, 'business_page_link': 'https://www.yelp.com/biz/anytime-fitness-vancouver-6', 'categories': [{'title': 'Gyms', 'url': 'https://www.yelp.com/search?find_desc=Gyms&find_loc=Vancouver%2C+BC'}, {'title': 'Trainers', 'url': 'https://www.yelp.com/search?find_desc=Trainers&find_loc=Vancouver%2C+BC'}], 'rating': 3.5, 'review_count': 11, 'photo': 'https://s3-media0.fl.yelpcdn.com/bphoto/ofQjMH_TZzfIaYOqaFFYwg/348s.jpg', 'photos_page_link': 'https://www.yelp.com/biz_photos/NPw5JX93QGTGy2T0srQNJw', 'phone': '+17783792211', 'country': 'CA', 'neighborhoods': ['West End'], 'yelp_guaranteed': False}"
31,,,,,,OK,d15f2463-4f94-4af9-b1d5-3f587e5444be,"{'id': 'NS7v1WYO_I0f_OS8YjDkQQ', 'alias': 'crossfit-kitsilano-vancouver', 'name': 'CrossFit Kitsilano', 'address': '1370 W 4th Ave, Vancouver, BC V6H 4A3, Canada', 'website': 'http://crossfitkitsilano.com/', 'latitude': 49.2665803, 'longitude': -123.1356599, 'business_page_link': 'https://www.yelp.com/biz/crossfit-kitsilano-vancouver', 'categories': [{'title': 'Gyms', 'url': 'https://www.yelp.com/search?find_desc=Gyms&find_loc=Vancouver%2C+BC'}], 'rating': 5, 'review_count': 6, 'photo': 'https://s3-media0.fl.yelpcdn.com/bphoto/iBOWzCtGGu8zpadpzN4OUg/348s.jpg', 'photos_page_link': 'https://www.yelp.com/biz_photos/NS7v1WYO_I0f_OS8YjDkQQ', 'phone': '+16045583488', 'country': 'CA', 'neighborhoods': ['Fairview Slopes'], 'yelp_guaranteed': False}"
32,,,,,,OK,d15f2463-4f94-4af9-b1d5-3f587e5444be,"{'id': 'E-Cwxu-oSqEdc2tlCzG8tw', 'alias': 'innovative-fitness-kitsilano-vancouver', 'name': 'Innovative Fitness Kitsilano', 'address': '2080 10th Avenue W, Vancouver, BC V6J 2B3, Canada', 'website': 'http://www.innovativefitness.com/kitsilano-personal-training/', 'latitude': 49.262729, 'longitude': -123.1520749, 'business_page_link': 'https://www.yelp.com/biz/innovative-fitness-kitsilano-vancouver', 'categories': [{'title': 'Gyms', 'url': 'https://www.yelp.com/search?find_desc=Gyms&find_loc=Vancouver%2C+BC'}, {'title': 'Trainers', 'url': 'https://www.yelp.com/search?find_desc=Trainers&find_loc=Vancouver%2C+BC'}], 'rating': 5, 'review_count': 7, 'photo': 'https://s3-media0.fl.yelpcdn.com/bphoto/HEflH3hLXV7q5ORqS9Po7w/348s.jpg', 'photos_page_link': 'https://www.yelp.com/biz_photos/E-Cwxu-oSqEdc2tlCzG8tw', 'phone': '+16047141661', 'country': 'CA', 'neighborhoods': ['Kitsilano'], 'yelp_guaranteed': False}"
33,,,,,,OK,d15f2463-4f94-4af9-b1d5-3f587e5444be,"{'id': 'NxhPrEgW7mUj4-qCuzFcyg', 'alias': 'john-braithwaite-community-centre-north-vancouver', 'name': 'John Braithwaite Community Centre', 'address': '145 1st Street W, North Vancouver, BC V7M 1B1, Canada', 'latitude': 49.312323, 'longitude': -123.0808707, 'business_page_link': 'https://www.yelp.com/biz/john-braithwaite-community-centre-north-vancouver', 'categories': [{'title': 'Community Centers', 'url': 'https://www.yelp.com/search?find_desc=Community+Centers&find_loc=Vancouver%2C+BC'}, {'title': 'Gyms', 'url': 'https://www.yelp.com/search?find_desc=Gyms&find_loc=Vancouver%2C+BC'}, {'title': 'Youth Club', 'url': 'https://www.yelp.com/search?find_desc=Youth+Club&find_loc=Vancouver%2C+BC'}], 'rating': 5, 'review_count': 1, 'photo': 'https://s3-media0.fl.yelpcdn.com/bphoto/Cg51j6CYrmaPsDT4aPCW6g/348s.jpg', 'photos_page_link': 'https://www.yelp.com/biz_photos/NxhPrEgW7mUj4-qCuzFcyg', 'phone': '+16049828300', 'country': 'CA', 'neighborhoods': ['Lower Lonsdale'], 'yelp_guaranteed': False}"
34,,,,,,OK,d15f2463-4f94-4af9-b1d5-3f587e5444be,"{'id': 'ZVPN6Ooow4NMlzPsvIUcKg', 'alias': 'fit4less-vancouver', 'name': 'Fit4Less', 'address': '1201 West Pender Street, Vancouver, BC V6E 2V2, Canada', 'website': 'https://www.fit4less.ca/british-columbia/vancouver/vancouver-west-pender', 'latitude': 49.2888135, 'longitude': -123.1234766, 'business_page_link': 'https://www.yelp.com/biz/fit4less-vancouver', 'categories': [{'title': 'Gyms', 'url': 'https://www.yelp.com/search?find_desc=Gyms&find_loc=Vancouver%2C+BC'}], 'rating': 2.4, 'review_count': 17, 'photo': 'https://s3-media0.fl.yelpcdn.com/bphoto/yZZiRyKpuKQ1bulW-EmMPQ/348s.jpg', 'photos_page_link': 'https://www.yelp.com/biz_photos/ZVPN6Ooow4NMlzPsvIUcKg', 'phone': '+16046430481', 'country': 'CA', 'neighborhoods': ['Downtown'], 'yelp_guaranteed': False}"
35,,,,,,OK,d15f2463-4f94-4af9-b1d5-3f587e5444be,"{'id': 'xPHhFrQt9cruDmbzR-WiGQ', 'alias': 'precision-athletics-vancouver', 'name': 'Precision Athletics', 'address': '240-858 Beatty Street, Vancouver, BC V6B 1C1, Canada', 'website': 'https://www.precisionathletics.ca', 'latitude': 49.2768052, 'longitude': -123.1148106, 'business_page_link': 'https://www.yelp.com/biz/precision-athletics-vancouver', 'categories': [{'title': 'Trainers', 'url': 'https://www.yelp.com/search?find_desc=Trainers&find_loc=Vancouver%2C+BC'}, {'title': 'Nutritionists', 'url': 'https://www.yelp.com/search?find_desc=Nutritionists&find_loc=Vancouver%2C+BC'}], 'rating': 4.8, 'review_count': 8, 'photo': 'https://s3-media0.fl.yelpcdn.com/bphoto/YYV4bvCqu6MfcJAJeH6pmg/348s.jpg', 'photos_page_link': 'https://www.yelp.com/biz_photos/xPHhFrQt9cruDmbzR-WiGQ', 'phone': '+16048003453', 'country': 'CA', 'neighborhoods': ['Yaletown'], 'yelp_guaranteed': False}"
36,,,,,,OK,d15f2463-4f94-4af9-b1d5-3f587e5444be,"{'id': 'i0mCR0sFRVztsl5U81xftg', 'alias': 'weights-vancouver', 'name': 'Weights', 'address': '55 E Cordova Street, Vancouver, BC V6A 0A5, Canada', 'website': 'http://weights101.com', 'latitude': 49.2824697, 'longitude': -123.1034229, 'business_page_link': 'https://www.yelp.com/biz/weights-vancouver', 'categories': [{'title': 'Gyms', 'url': 'https://www.yelp.com/search?find_desc=Gyms&find_loc=Vancouver%2C+BC'}], 'rating': 4.7, 'review_count': 3, 'photo': 'https://s3-media0.fl.yelpcdn.com/bphoto/VU_ZB4CwumUp-uokzrnY-w/348s.jpg', 'photos_page_link': 'https://www.yelp.com/biz_photos/i0mCR0sFRVztsl5U81xftg', 'phone': '+16043275453', 'country': 'CA', 'neighborhoods': ['Gastown'], 'yelp_guaranteed': False}"
37,,,,,,OK,d15f2463-4f94-4af9-b1d5-3f587e5444be,"{'id': 'rjn7mccGPYxvp6xqIRuUqA', 'alias': 'transfigure-vancouver', 'name': 'Transfigure', 'address': '555 W 8th Avenue, Vancouver, BC V5Z 1C6, Canada', 'website': 'http://transfigure.ca', 'latitude': 49.264394, 'longitude': -123.1161312, 'business_page_link': 'https://www.yelp.com/biz/transfigure-vancouver', 'categories': [{'title': 'Trainers', 'url': 'https://www.yelp.com/search?find_desc=Trainers&find_loc=Vancouver%2C+BC'}], 'rating': 5, 'review_count': 6, 'photo': 'https://s3-media0.fl.yelpcdn.com/bphoto/PPjSw2Yep9vRTeOfoeBifQ/348s.jpg', 'photos_page_link': 'https://www.yelp.com/biz_photos/rjn7mccGPYxvp6xqIRuUqA', 'phone': '+17788922533', 'country': 'CA', 'neighborhoods': ['Fairview Slopes'], 'yelp_guaranteed': False}"
38,,,,,,OK,d15f2463-4f94-4af9-b1d5-3f587e5444be,"{'id': '3Dvf5JbNw0uH4DTtTBDHFg', 'alias': 'eileen-dailly-leisure-pool-and-fitness-centre-burnaby', 'name': 'Eileen Dailly Leisure Pool and Fitness Centre', 'address': '240 Willingdon Ave, Burnaby, BC V5C 5E9, Canada', 'latitude': 49.2832392, 'longitude': -123.002392, 'business_page_link': 'https://www.yelp.com/biz/eileen-dailly-leisure-pool-and-fitness-centre-burnaby', 'categories': [{'title': 'Swimming Pools', 'url': 'https://www.yelp.com/search?find_desc=Swimming+Pools&find_loc=Vancouver%2C+BC'}, {'title': 'Fitness & Instruction', 'url': 'https://www.yelp.com/search?find_desc=Fitness+%26+Instruction&find_loc=Vancouver%2C+BC'}], 'rating': 3.2, 'review_count': 19, 'photo': 'https://s3-media0.fl.yelpcdn.com/bphoto/7V86pa1nfCHsLCh7TedxYA/348s.jpg', 'photos_page_link': 'https://www.yelp.com/biz_photos/3Dvf5JbNw0uH4DTtTBDHFg', 'phone': '+16042987946', 'country': 'CA', 'neighborhoods': ['Burnaby Heights'], 'yelp_guaranteed': False}"
39,,,,,,OK,d15f2463-4f94-4af9-b1d5-3f587e5444be,"{'id': 'aZe1mARkxOhrQS5YvRJrtw', 'alias': 'innovative-fitness-telus-garden-vancouver', 'name': 'Innovative Fitness TELUS Garden', 'address': '760 Seymour Street, Vancouver, BC V6B 5J3, Canada', 'website': 'http://www.innovativefitness.com/telus-garden-personal-training/', 'latitude': 49.2811524, 'longitude': -123.1180112, 'business_page_link': 'https://www.yelp.com/biz/innovative-fitness-telus-garden-vancouver', 'categories': [{'title': 'Gyms', 'url': 'https://www.yelp.com/search?find_desc=Gyms&find_loc=Vancouver%2C+BC'}, {'title': 'Trainers', 'url': 'https://www.yelp.com/search?find_desc=Trainers&find_loc=Vancouver%2C+BC'}], 'rating': 4.5, 'review_count': 2, 'photo': 'https://s3-media0.fl.yelpcdn.com/bphoto/AEoH7ZJxjzAzc3bzuHHJwA/348s.jpg', 'photos_page_link': 'https://www.yelp.com/biz_photos/aZe1mARkxOhrQS5YvRJrtw', 'phone': '+16049745942', 'country': 'CA', 'neighborhoods': ['Downtown'], 'yelp_guaranteed': False}"
